-- Adminer 4.2.4 MySQL dump

SET NAMES utf8;
SET time_zone = '+00:00';
SET foreign_key_checks = 0;
SET sql_mode = 'NO_AUTO_VALUE_ON_ZERO';

USE `leave`;

DROP TABLE IF EXISTS `groups`;
CREATE TABLE `groups` (
  `id` int(10) unsigned NOT NULL AUTO_INCREMENT,
  `name` varchar(255) COLLATE utf8_unicode_ci NOT NULL,
  `permissions` text COLLATE utf8_unicode_ci,
  `created_at` timestamp NOT NULL DEFAULT '0000-00-00 00:00:00',
  `updated_at` timestamp NOT NULL DEFAULT '0000-00-00 00:00:00',
  PRIMARY KEY (`id`),
  UNIQUE KEY `groups_name_unique` (`name`)
) ENGINE=InnoDB DEFAULT CHARSET=utf8 COLLATE=utf8_unicode_ci;


DROP TABLE IF EXISTS `leave`;
CREATE TABLE `leave` (
  `leave_ID` int(11) NOT NULL AUTO_INCREMENT,
  `date` date NOT NULL,
  `agent_ID` varchar(15) NOT NULL,
  `updated_at` datetime NOT NULL,
  `created_at` datetime NOT NULL,
  PRIMARY KEY (`leave_ID`),
  KEY `agent_ID` (`agent_ID`)
) ENGINE=InnoDB DEFAULT CHARSET=latin1;

INSERT INTO `leave` (`leave_ID`, `date`, `agent_ID`, `updated_at`, `created_at`) VALUES
(72,	'2016-02-10',	'SSDC-153',	'2016-02-01 07:46:46',	'2016-02-01 07:46:46'),
(73,	'2016-02-18',	'SSDC-124',	'2016-02-01 07:47:43',	'2016-02-01 07:47:43'),
(74,	'2016-03-24',	'SSDC-105',	'2016-02-01 07:48:27',	'2016-02-01 07:48:27'),
(75,	'2016-03-23',	'SSDC-105',	'2016-02-01 07:50:16',	'2016-02-01 07:50:16'),
(82,	'2016-02-09',	'SSDC-151',	'2016-02-01 08:04:25',	'2016-02-01 08:04:25'),
(85,	'2016-05-12',	'SSDC-045',	'2016-02-01 08:25:33',	'2016-02-01 08:25:33'),
(86,	'2016-03-17',	'SSDC-045',	'2016-02-01 08:25:42',	'2016-02-01 08:25:42'),
(87,	'2016-03-18',	'SSDC-045',	'2016-02-01 08:25:51',	'2016-02-01 08:25:51'),
(88,	'2016-03-21',	'SSDC-045',	'2016-02-01 08:26:02',	'2016-02-01 08:26:02'),
(89,	'2016-02-12',	'SSDC-048',	'2016-02-01 08:49:11',	'2016-02-01 08:49:11'),
(90,	'2016-02-23',	'SSDC-048',	'2016-02-01 08:49:22',	'2016-02-01 08:49:22'),
(92,	'2016-02-16',	'SSDC-048',	'2016-02-01 09:01:23',	'2016-02-01 09:01:23'),
(93,	'2016-02-15',	'SSDC-128',	'2016-02-01 09:03:08',	'2016-02-01 09:03:08'),
(99,	'2016-02-19',	'SSDC-044',	'2016-02-01 13:56:51',	'2016-02-01 13:56:51'),
(101,	'2016-03-04',	'SSDC-044',	'2016-02-01 13:58:06',	'2016-02-01 13:58:06'),
(103,	'2016-02-22',	'SSDC-122',	'2016-02-01 13:59:04',	'2016-02-01 13:59:04'),
(105,	'2016-02-05',	'SSDC-128',	'2016-02-01 14:00:12',	'2016-02-01 14:00:12'),
(106,	'2016-02-03',	'SSDC-118',	'2016-02-01 14:01:07',	'2016-02-01 14:01:07'),
(107,	'2016-02-26',	'SSDC-123',	'2016-02-01 14:02:36',	'2016-02-01 14:02:36'),
(108,	'2016-02-04',	'SSDC-131',	'2016-02-01 14:06:42',	'2016-02-01 14:06:42'),
(109,	'2016-03-01',	'SSDC-153',	'2016-02-08 08:31:51',	'2016-02-08 08:31:51'),
(118,	'2016-03-29',	'SSDC-124',	'2016-03-04 13:07:40',	'2016-03-04 13:07:40'),
(121,	'2016-03-14',	'SSDC-128',	'2016-03-04 13:12:09',	'2016-03-04 13:12:09'),
(123,	'2016-03-24',	'SSDC-131',	'2016-03-07 08:00:00',	'2016-03-07 08:00:00'),
(124,	'2016-03-29',	'SSDC-131',	'2016-03-07 08:00:13',	'2016-03-07 08:00:13'),
(125,	'2016-03-29',	'SSDC-127',	'2016-03-07 08:00:52',	'2016-03-07 08:00:52'),
(126,	'2016-03-21',	'SSDC-130',	'2016-03-07 08:01:59',	'2016-03-07 08:01:59'),
(127,	'2016-03-18',	'SSDC-123',	'2016-03-07 08:02:05',	'2016-03-07 08:02:05'),
(128,	'2016-03-22',	'SSDC-130',	'2016-03-07 08:02:15',	'2016-03-07 08:02:15'),
(129,	'2016-03-24',	'SSDC-153',	'2016-03-07 08:02:16',	'2016-03-07 08:02:16'),
(130,	'2016-03-23',	'SSDC-153',	'2016-03-07 08:02:29',	'2016-03-07 08:02:29'),
(131,	'2016-03-23',	'SSDC-130',	'2016-03-07 08:02:38',	'2016-03-07 08:02:38'),
(132,	'2016-03-25',	'SSDC-130',	'2016-03-07 08:02:51',	'2016-03-07 08:02:51'),
(133,	'2016-03-16',	'SSDC-048',	'2016-03-07 08:04:15',	'2016-03-07 08:04:15'),
(134,	'2016-03-21',	'SSDC-152',	'2016-03-07 08:04:15',	'2016-03-07 08:04:15'),
(135,	'2016-03-30',	'SSDC-124',	'2016-03-07 08:04:15',	'2016-03-07 08:04:15'),
(137,	'2016-03-18',	'SSDC-125',	'2016-03-07 08:04:43',	'2016-03-07 08:04:43'),
(138,	'2016-03-31',	'SSDC-123',	'2016-03-07 08:06:08',	'2016-03-07 08:06:08'),
(139,	'2016-03-31',	'SSDC-124',	'2016-03-07 08:06:41',	'2016-03-07 08:06:41'),
(147,	'2016-03-14',	'SSDC-105',	'2016-03-07 08:15:04',	'2016-03-07 08:15:04'),
(150,	'2016-03-30',	'SSDC-125',	'2016-03-07 08:32:31',	'2016-03-07 08:32:31'),
(152,	'2016-03-17',	'SSDC-129',	'2016-03-07 08:57:49',	'2016-03-07 08:57:49'),
(154,	'2016-03-22',	'SSDC-125',	'2016-03-10 07:49:00',	'2016-03-10 07:49:00'),
(155,	'2016-03-30',	'SSDC-127',	'2016-03-10 07:52:44',	'2016-03-10 07:52:44'),
(156,	'2016-03-14',	'SSDC-048',	'2016-03-10 07:58:59',	'2016-03-10 07:58:59'),
(157,	'2016-03-31',	'SSDC-151',	'2016-03-10 07:59:00',	'2016-03-10 07:59:00'),
(158,	'2016-03-22',	'SSDC-129',	'2016-03-21 06:47:58',	'2016-03-21 06:47:58'),
(159,	'2016-04-07',	'SSDC-153',	'2016-04-01 09:48:39',	'2016-04-01 09:48:39'),
(160,	'2016-04-08',	'SSDC-151',	'2016-04-04 11:43:50',	'2016-04-04 11:43:50'),
(162,	'2016-05-13',	'SSDC-153',	'2016-04-04 11:48:32',	'2016-04-04 11:48:32'),
(164,	'2016-04-05',	'SSDC-234',	'2016-04-04 11:49:42',	'2016-04-04 11:49:42'),
(166,	'2016-04-07',	'SSDC-235',	'2016-04-04 11:54:13',	'2016-04-04 11:54:13'),
(167,	'2016-04-06',	'SSDC-129',	'2016-04-04 11:55:30',	'2016-04-04 11:55:30'),
(169,	'2016-04-11',	'SSDC-125',	'2016-04-04 11:57:40',	'2016-04-04 11:57:40'),
(171,	'2016-04-12',	'SSDC-125',	'2016-04-04 11:57:48',	'2016-04-04 11:57:48'),
(172,	'2016-04-13',	'SSDC-125',	'2016-04-04 11:57:55',	'2016-04-04 11:57:55'),
(174,	'2016-04-14',	'SSDC-125',	'2016-04-04 11:58:04',	'2016-04-04 11:58:04'),
(175,	'2016-04-15',	'SSDC-125',	'2016-04-04 11:58:10',	'2016-04-04 11:58:10'),
(176,	'2016-04-15',	'SSDC-048',	'2016-04-04 11:59:44',	'2016-04-04 11:59:44'),
(177,	'2016-06-02',	'SSDC-105',	'2016-04-04 12:00:42',	'2016-04-04 12:00:42'),
(178,	'2016-06-03',	'SSDC-105',	'2016-04-04 12:00:59',	'2016-04-04 12:00:59'),
(180,	'2016-04-29',	'SSDC-232',	'2016-04-04 12:01:26',	'2016-04-04 12:01:26'),
(181,	'2016-04-08',	'SSDC-152',	'2016-04-04 12:05:50',	'2016-04-04 12:05:50'),
(182,	'2016-04-11',	'SSDC-152',	'2016-04-04 12:05:58',	'2016-04-04 12:05:58'),
(183,	'2016-04-08',	'SSDC-048',	'2016-04-04 12:07:35',	'2016-04-04 12:07:35'),
(184,	'2016-04-15',	'SSDC-233',	'2016-04-04 12:17:50',	'2016-04-04 12:17:50'),
(187,	'2016-04-06',	'SSDC-049',	'2016-04-04 13:00:13',	'2016-04-04 13:00:13'),
(188,	'2016-04-06',	'SSDC-073',	'2016-04-04 13:00:59',	'2016-04-04 13:00:59'),
(189,	'2016-04-11',	'SSDC-118',	'2016-04-05 06:47:54',	'2016-04-05 06:47:54'),
(190,	'2016-04-18',	'SSDC-118',	'2016-04-05 06:51:56',	'2016-04-05 06:51:56'),
(191,	'2016-04-22',	'SSDC-129',	'2016-04-11 08:28:07',	'2016-04-11 08:28:07'),
(192,	'2016-04-22',	'SSDC-153',	'2016-04-11 08:28:31',	'2016-04-11 08:28:31'),
(193,	'2016-04-18',	'SSDC-044',	'2016-04-11 08:28:44',	'2016-04-11 08:28:44'),
(194,	'2016-04-22',	'SSDC-128',	'2016-04-11 08:28:47',	'2016-04-11 08:28:47'),
(195,	'2016-04-25',	'SSDC-044',	'2016-04-11 08:28:59',	'2016-04-11 08:28:59'),
(197,	'2016-04-12',	'SSDC-045',	'2016-04-11 08:30:02',	'2016-04-11 08:30:02'),
(198,	'2016-04-13',	'SSDC-045',	'2016-04-11 08:30:10',	'2016-04-11 08:30:10'),
(199,	'2016-04-19',	'SSDC-044',	'2016-04-11 08:30:36',	'2016-04-11 08:30:36'),
(200,	'2016-04-26',	'SSDC-044',	'2016-04-11 08:30:52',	'2016-04-11 08:30:52'),
(202,	'2016-04-18',	'SSDC-128',	'2016-04-11 08:42:34',	'2016-04-11 08:42:34'),
(203,	'2016-05-06',	'SSDC-173',	'2016-04-11 09:01:52',	'2016-04-11 09:01:52'),
(205,	'2016-04-29',	'SSDC-173',	'2016-04-11 09:07:00',	'2016-04-11 09:07:00'),
(206,	'2016-04-21',	'SSDC-173',	'2016-04-11 09:13:57',	'2016-04-11 09:13:57'),
(207,	'2016-04-27',	'SSDC-303',	'2016-04-11 11:04:09',	'2016-04-11 11:04:09'),
(208,	'2016-04-28',	'SSDC-303',	'2016-04-11 11:04:20',	'2016-04-11 11:04:20'),
(210,	'2016-03-04',	'SSDC-151',	'2016-02-08 08:31:51',	'2016-02-08 08:31:51'),
(211,	'2016-04-25',	'SSDC-122',	'2016-04-14 05:14:47',	'2016-04-14 05:14:47'),
(213,	'2016-05-09',	'SSDC-045',	'2016-04-18 07:01:53',	'2016-04-18 07:01:53'),
(214,	'2016-05-10',	'SSDC-045',	'2016-04-18 07:02:23',	'2016-04-18 07:02:23'),
(215,	'2016-05-11',	'SSDC-045',	'2016-04-18 07:02:43',	'2016-04-18 07:02:43'),
(216,	'2016-05-13',	'SSDC-045',	'2016-04-18 10:53:22',	'2016-04-18 10:53:22'),
(217,	'2016-04-25',	'SSDC-151',	'2016-04-20 05:10:10',	'2016-04-20 05:10:10'),
(218,	'2016-06-13',	'SSDC-152',	'2016-04-20 06:00:54',	'2016-04-20 06:00:54'),
(220,	'2016-04-28',	'SSDC-130',	'2016-04-20 06:01:14',	'2016-04-20 06:01:14'),
(222,	'2016-05-30',	'SSDC-105',	'2016-04-20 06:08:25',	'2016-04-20 06:08:25'),
(223,	'2016-05-06',	'SSDC-085',	'2016-04-20 06:11:02',	'2016-04-20 06:11:02'),
(224,	'2016-04-29',	'SSDC-303',	'2016-04-20 06:11:52',	'2016-04-20 06:11:52'),
(225,	'2016-05-27',	'SSDC-234',	'2016-04-20 06:55:42',	'2016-04-20 06:55:42'),
(228,	'2016-06-10',	'SSDC-235',	'2016-04-20 08:18:33',	'2016-04-20 08:18:33'),
(229,	'2016-04-27',	'SSDC-122',	'2016-04-26 05:06:17',	'2016-04-26 05:06:17'),
(231,	'2016-05-03',	'SSDC-124',	'2016-04-26 05:11:14',	'2016-04-26 05:11:14'),
(232,	'2016-05-16',	'SSDC-123',	'2016-04-26 05:11:21',	'2016-04-26 05:11:21'),
(235,	'2016-05-09',	'SSDC-085',	'2016-04-26 06:28:47',	'2016-04-26 06:28:47'),
(236,	'2016-05-05',	'SSDC-085',	'2016-04-26 06:32:09',	'2016-04-26 06:32:09'),
(237,	'2016-05-27',	'SSDC-105',	'2016-04-26 07:29:20',	'2016-04-26 07:29:20'),
(238,	'2016-04-27',	'SSDC-048',	'2016-04-26 07:29:46',	'2016-04-26 07:29:46'),
(239,	'2016-05-26',	'SSDC-234',	'2016-04-27 05:58:08',	'2016-04-27 05:58:08'),
(241,	'2016-05-04',	'SSDC-235',	'2016-04-29 09:00:54',	'2016-04-29 09:00:54'),
(242,	'2016-05-03',	'SSDC-131',	'2016-04-29 09:04:25',	'2016-04-29 09:04:25'),
(243,	'2016-05-02',	'SSDC-129',	'2016-04-29 09:04:57',	'2016-04-29 09:04:57'),
(244,	'2016-05-04',	'SSDC-131',	'2016-04-29 09:05:03',	'2016-04-29 09:05:03'),
(245,	'2016-05-05',	'SSDC-235',	'2016-04-29 09:23:43',	'2016-04-29 09:23:43'),
(246,	'2016-05-16',	'SSDC-048',	'2016-04-29 09:38:55',	'2016-04-29 09:38:55'),
(247,	'2016-05-20',	'SSDC-232',	'2016-05-03 08:10:34',	'2016-05-03 08:10:34'),
(250,	'2016-05-11',	'SSDC-130',	'2016-05-03 11:12:25',	'2016-05-03 11:12:25'),
(251,	'2016-05-30',	'SSDC-232',	'2016-05-06 05:16:50',	'2016-05-06 05:16:50'),
(252,	'2016-05-31',	'SSDC-105',	'2016-05-06 05:20:36',	'2016-05-06 05:20:36'),
(254,	'2016-05-10',	'SSDC-129',	'2016-05-09 12:27:30',	'2016-05-09 12:27:30'),
(256,	'2016-06-24',	'SSDC-234',	'2016-05-11 06:00:42',	'2016-05-11 06:00:42'),
(257,	'2016-06-06',	'SSDC-122',	'2016-05-11 06:03:34',	'2016-05-11 06:03:34'),
(258,	'2016-05-17',	'SSDC-123',	'2016-05-12 12:52:16',	'2016-05-12 12:52:16'),
(259,	'2016-05-20',	'SSDC-153',	'2016-05-16 05:08:57',	'2016-05-16 05:08:57'),
(262,	'2016-05-23',	'SSDC-151',	'2016-05-16 11:15:29',	'2016-05-16 11:15:29'),
(264,	'2016-06-27',	'SSDC-233',	'2016-05-16 14:05:33',	'2016-05-16 14:05:33'),
(265,	'2016-06-28',	'SSDC-233',	'2016-05-16 14:05:57',	'2016-05-16 14:05:57'),
(269,	'2016-05-31',	'SSDC-152',	'2016-05-30 06:50:24',	'2016-05-30 06:50:24'),
(270,	'2016-06-02',	'SSDC-129',	'2016-05-31 05:32:44',	'2016-05-31 05:32:44'),
(272,	'2016-06-20',	'SSDC-307',	'2016-05-31 05:35:39',	'2016-05-31 05:35:39'),
(273,	'2016-06-15',	'SSDC-173',	'2016-05-31 05:37:29',	'2016-05-31 05:37:29'),
(275,	'2016-06-07',	'SSDC-044',	'2016-05-31 06:56:59',	'2016-05-31 06:56:59'),
(276,	'2016-06-07',	'SSDC-235',	'2016-05-31 08:31:27',	'2016-05-31 08:31:27'),
(277,	'2016-06-03',	'SSDC-234',	'2016-05-31 11:50:50',	'2016-05-31 11:50:50'),
(278,	'2016-06-17',	'SSDC-232',	'2016-06-02 07:40:17',	'2016-06-02 07:40:17'),
(279,	'2016-06-17',	'SSDC-151',	'2016-06-02 07:42:02',	'2016-06-02 07:42:02'),
(280,	'2016-06-13',	'SSDC-307',	'2016-06-02 07:54:10',	'2016-06-02 07:54:10'),
(282,	'2016-06-20',	'SSDC-048',	'2016-06-03 09:58:06',	'2016-06-03 09:58:06'),
(286,	'2016-12-30',	'SSDC-151',	'2016-06-03 13:37:18',	'2016-06-03 13:37:18'),
(291,	'2016-12-29',	'SSDC-129',	'2016-06-03 13:39:47',	'2016-06-03 13:39:47'),
(292,	'2016-12-30',	'SSDC-129',	'2016-06-03 13:40:06',	'2016-06-03 13:40:06'),
(294,	'2016-07-01',	'SSDC-153',	'2016-06-08 05:32:42',	'2016-06-08 05:32:42'),
(304,	'2016-12-19',	'SSDC-153',	'2016-06-08 05:35:49',	'2016-06-08 05:35:49'),
(310,	'2016-07-20',	'SSDC-085',	'2016-06-08 05:37:39',	'2016-06-08 05:37:39'),
(311,	'2016-07-21',	'SSDC-085',	'2016-06-08 05:37:56',	'2016-06-08 05:37:56'),
(316,	'2016-07-22',	'SSDC-085',	'2016-06-08 05:39:07',	'2016-06-08 05:39:07'),
(321,	'2016-12-13',	'SSDC-232',	'2016-06-08 05:40:44',	'2016-06-08 05:40:44'),
(327,	'2016-08-26',	'SSDC-232',	'2016-06-08 05:47:27',	'2016-06-08 05:47:27'),
(328,	'2016-06-14',	'SSDC-306',	'2016-06-08 13:10:03',	'2016-06-08 13:10:03'),
(329,	'2016-06-15',	'SSDC-306',	'2016-06-08 13:10:14',	'2016-06-08 13:10:14'),
(330,	'2016-06-16',	'SSDC-153',	'2016-06-09 05:12:44',	'2016-06-09 05:12:44'),
(331,	'2016-06-16',	'SSDC-307',	'2016-06-09 11:10:14',	'2016-06-09 11:10:14'),
(332,	'2016-06-10',	'SSDC-105',	'2016-06-09 11:14:55',	'2016-06-09 11:14:55'),
(334,	'2016-07-01',	'SSDC-044',	'2016-06-15 07:18:38',	'2016-06-15 07:18:38'),
(336,	'2016-12-13',	'SSDC-303',	'2016-06-15 13:22:48',	'2016-06-15 13:22:48'),
(347,	'2016-06-22',	'SSDC-130',	'2016-06-17 05:15:39',	'2016-06-17 05:15:39'),
(348,	'2016-07-06',	'SSDC-304',	'2016-06-20 06:58:05',	'2016-06-20 06:58:05'),
(349,	'2016-07-04',	'SSDC-122',	'2016-06-20 06:59:25',	'2016-06-20 06:59:25'),
(350,	'2016-07-05',	'SSDC-122',	'2016-06-20 06:59:58',	'2016-06-20 06:59:58'),
(351,	'2016-08-01',	'SSDC-306',	'2016-06-20 07:26:51',	'2016-06-20 07:26:51'),
(352,	'2016-08-02',	'SSDC-306',	'2016-06-20 07:27:02',	'2016-06-20 07:27:02'),
(353,	'2016-08-03',	'SSDC-306',	'2016-06-20 07:27:31',	'2016-06-20 07:27:31'),
(354,	'2016-08-04',	'SSDC-306',	'2016-06-20 07:27:53',	'2016-06-20 07:27:53'),
(355,	'2016-08-05',	'SSDC-306',	'2016-06-20 07:28:17',	'2016-06-20 07:28:17'),
(356,	'2016-06-21',	'SSDC-305',	'2016-06-20 12:54:24',	'2016-06-20 12:54:24'),
(357,	'2016-06-22',	'SSDC-305',	'2016-06-20 12:54:33',	'2016-06-20 12:54:33'),
(358,	'2016-06-21',	'SSDC-123',	'2016-06-20 12:55:45',	'2016-06-20 12:55:45'),
(359,	'2016-07-18',	'SSDC-303',	'2016-06-20 12:56:36',	'2016-06-20 12:56:36'),
(361,	'2016-07-08',	'SSDC-124',	'2016-06-20 13:01:02',	'2016-06-20 13:01:02'),
(364,	'2016-06-23',	'SSDC-235',	'2016-06-20 13:19:56',	'2016-06-20 13:19:56'),
(365,	'2016-06-24',	'SSDC-129',	'2016-06-23 07:56:08',	'2016-06-23 07:56:08'),
(366,	'2016-06-28',	'SSDC-127',	'2016-06-24 05:32:26',	'2016-06-24 05:32:26'),
(367,	'2016-06-29',	'SSDC-127',	'2016-06-24 05:32:35',	'2016-06-24 05:32:35'),
(368,	'2016-06-30',	'SSDC-127',	'2016-06-24 05:32:45',	'2016-06-24 05:32:45'),
(369,	'2016-07-08',	'SSDC-151',	'2016-06-24 05:35:06',	'2016-06-24 05:35:06'),
(375,	'2016-06-28',	'SSDC-235',	'2016-06-24 05:47:32',	'2016-06-24 05:47:32'),
(376,	'2016-12-28',	'SSDC-105',	'2016-06-24 05:47:36',	'2016-06-24 05:47:36'),
(377,	'2016-06-29',	'SSDC-235',	'2016-06-24 05:47:38',	'2016-06-24 05:47:38'),
(378,	'2016-12-29',	'SSDC-105',	'2016-06-24 05:47:44',	'2016-06-24 05:47:44'),
(379,	'2016-12-30',	'SSDC-105',	'2016-06-24 05:47:52',	'2016-06-24 05:47:52'),
(380,	'2016-06-30',	'SSDC-235',	'2016-06-24 05:51:49',	'2016-06-24 05:51:49'),
(384,	'2016-07-04',	'SSDC-232',	'2016-06-24 06:18:40',	'2016-06-24 06:18:40'),
(385,	'2016-07-01',	'SSDC-127',	'2016-06-24 06:22:13',	'2016-06-24 06:22:13'),
(386,	'2016-12-22',	'SSDC-127',	'2016-06-24 11:21:39',	'2016-06-24 11:21:39'),
(387,	'2016-06-30',	'SSDC-129',	'2016-06-28 06:26:29',	'2016-06-28 06:26:29'),
(388,	'2016-07-01',	'SSDC-129',	'2016-06-28 06:27:06',	'2016-06-28 06:27:06'),
(392,	'2016-07-08',	'SSDC-123',	'2016-06-30 08:40:21',	'2016-06-30 08:40:21'),
(396,	'2016-07-06',	'SSDC-123',	'2016-07-01 11:23:32',	'2016-07-01 11:23:32'),
(405,	'2016-07-11',	'SSDC-508',	'2016-07-04 06:04:53',	'2016-07-04 06:04:53'),
(406,	'2016-07-13',	'SSDC-130',	'2016-07-05 08:11:03',	'2016-07-05 08:11:03'),
(407,	'2016-07-14',	'SSDC-130',	'2016-07-05 08:11:12',	'2016-07-05 08:11:12'),
(409,	'2016-07-06',	'SSDC-124',	'2016-07-05 12:16:02',	'2016-07-05 12:16:02'),
(410,	'2016-07-11',	'SSDC-118',	'2016-07-05 12:20:41',	'2016-07-05 12:20:41'),
(411,	'2016-07-15',	'SSDC-234',	'2016-07-12 06:37:52',	'2016-07-12 06:37:52'),
(412,	'2016-07-15',	'SSDC-129',	'2016-07-12 06:40:22',	'2016-07-12 06:40:22'),
(413,	'2016-07-13',	'SSDC-123',	'2016-07-12 06:44:06',	'2016-07-12 06:44:06'),
(414,	'2016-07-18',	'SSDC-307',	'2016-07-12 06:44:51',	'2016-07-12 06:44:51'),
(415,	'2016-07-15',	'SSDC-233',	'2016-07-12 06:48:11',	'2016-07-12 06:48:11'),
(416,	'2016-07-13',	'SSDC-173',	'2016-07-12 06:49:30',	'2016-07-12 06:49:30'),
(418,	'2016-07-25',	'SSDC-173',	'2016-07-12 06:50:52',	'2016-07-12 06:50:52'),
(419,	'2016-07-14',	'SSDC-306',	'2016-07-12 06:50:56',	'2016-07-12 06:50:56'),
(420,	'2016-07-14',	'SSDC-304',	'2016-07-12 06:51:52',	'2016-07-12 06:51:52'),
(424,	'2016-07-25',	'SSDC-085',	'2016-07-14 07:33:22',	'2016-07-14 07:33:22'),
(425,	'2016-08-01',	'SSDC-305',	'2016-07-15 10:59:01',	'2016-07-15 10:59:01'),
(426,	'2016-08-02',	'SSDC-305',	'2016-07-15 10:59:08',	'2016-07-15 10:59:08'),
(427,	'2016-08-03',	'SSDC-305',	'2016-07-15 10:59:20',	'2016-07-15 10:59:20'),
(428,	'2016-08-04',	'SSDC-305',	'2016-07-15 10:59:27',	'2016-07-15 10:59:27'),
(429,	'2016-08-05',	'SSDC-305',	'2016-07-15 10:59:33',	'2016-07-15 10:59:33'),
(430,	'2016-07-22',	'SSDC-105',	'2016-07-15 11:09:14',	'2016-07-15 11:09:14'),
(431,	'2016-07-18',	'SSDC-118',	'2016-07-15 12:39:09',	'2016-07-15 12:39:09'),
(432,	'2016-07-19',	'SSDC-118',	'2016-07-15 12:39:16',	'2016-07-15 12:39:16'),
(433,	'2016-08-01',	'SSDC-173',	'2016-07-15 12:40:39',	'2016-07-15 12:40:39'),
(434,	'2016-07-19',	'SSDC-307',	'2016-07-15 12:58:17',	'2016-07-15 12:58:17'),
(436,	'2016-07-22',	'SSDC-151',	'2016-07-18 05:43:29',	'2016-07-18 05:43:29'),
(438,	'2016-07-29',	'SSDC-306',	'2016-07-18 08:19:33',	'2016-07-18 08:19:33'),
(439,	'2016-07-21',	'SSDC-118',	'2016-07-20 05:14:24',	'2016-07-20 05:14:24'),
(442,	'2016-07-26',	'SSDC-303',	'2016-07-21 08:12:16',	'2016-07-21 08:12:16'),
(445,	'2016-07-29',	'SSDC-304',	'2016-07-27 06:39:47',	'2016-07-27 06:39:47'),
(447,	'2016-07-28',	'SSDC-304',	'2016-07-27 06:43:34',	'2016-07-27 06:43:34'),
(453,	'2016-07-29',	'SSDC-233',	'2016-07-28 05:36:34',	'2016-07-28 05:36:34'),
(454,	'2016-08-05',	'SSDC-233',	'2016-07-28 08:44:41',	'2016-07-28 08:44:41'),
(455,	'2016-08-08',	'SSDC-173',	'2016-07-29 06:48:24',	'2016-07-29 06:48:24'),
(456,	'2016-08-08',	'SSDC-127',	'2016-08-03 06:25:43',	'2016-08-03 06:25:43'),
(457,	'2016-08-09',	'SSDC-127',	'2016-08-03 06:25:56',	'2016-08-03 06:25:56'),
(458,	'2016-12-19',	'SSDC-127',	'2016-08-03 08:02:46',	'2016-08-03 08:02:46'),
(459,	'2016-12-20',	'SSDC-127',	'2016-08-03 08:02:53',	'2016-08-03 08:02:53'),
(460,	'2016-12-21',	'SSDC-127',	'2016-08-03 08:02:59',	'2016-08-03 08:02:59'),
(461,	'2016-08-15',	'SSDC-129',	'2016-08-05 06:12:17',	'2016-08-05 06:12:17'),
(463,	'2016-08-12',	'SSDC-235',	'2016-08-10 05:13:13',	'2016-08-10 05:13:13'),
(465,	'2016-12-05',	'SSDC-045',	'2016-08-10 05:27:02',	'2016-08-10 05:27:02'),
(466,	'2016-12-06',	'SSDC-045',	'2016-08-10 05:27:08',	'2016-08-10 05:27:08'),
(467,	'2016-12-07',	'SSDC-045',	'2016-08-10 05:27:16',	'2016-08-10 05:27:16'),
(468,	'2016-12-08',	'SSDC-045',	'2016-08-10 05:27:26',	'2016-08-10 05:27:26'),
(469,	'2016-12-09',	'SSDC-045',	'2016-08-10 05:27:35',	'2016-08-10 05:27:35'),
(470,	'2016-08-15',	'SSDC-232',	'2016-08-10 05:27:46',	'2016-08-10 05:27:46'),
(472,	'2016-09-05',	'SSDC-124',	'2016-08-10 05:33:40',	'2016-08-10 05:33:40'),
(473,	'2016-09-06',	'SSDC-124',	'2016-08-10 05:33:47',	'2016-08-10 05:33:47'),
(474,	'2016-09-07',	'SSDC-124',	'2016-08-10 05:34:01',	'2016-08-10 05:34:01'),
(475,	'2016-09-08',	'SSDC-124',	'2016-08-10 05:35:41',	'2016-08-10 05:35:41'),
(476,	'2016-09-09',	'SSDC-124',	'2016-08-10 05:35:52',	'2016-08-10 05:35:52'),
(477,	'2016-08-16',	'SSDC-173',	'2016-08-10 12:16:10',	'2016-08-10 12:16:10'),
(478,	'2016-08-17',	'SSDC-173',	'2016-08-10 12:16:15',	'2016-08-10 12:16:15'),
(479,	'2016-08-18',	'SSDC-173',	'2016-08-10 12:16:22',	'2016-08-10 12:16:22'),
(480,	'2016-08-19',	'SSDC-173',	'2016-08-10 12:16:27',	'2016-08-10 12:16:27'),
(481,	'2016-08-12',	'SSDC-129',	'2016-08-10 13:02:00',	'2016-08-10 13:02:00'),
(482,	'2016-08-18',	'SSDC-234',	'2016-08-12 07:52:13',	'2016-08-12 07:52:13'),
(483,	'2016-08-15',	'SSDC-307',	'2016-08-12 07:52:25',	'2016-08-12 07:52:25'),
(484,	'2016-08-19',	'SSDC-303',	'2016-08-15 11:05:30',	'2016-08-15 11:05:30'),
(485,	'2016-09-02',	'SSDC-546',	'2016-08-16 05:44:55',	'2016-08-16 05:44:55'),
(486,	'2016-09-05',	'SSDC-546',	'2016-08-16 05:45:38',	'2016-08-16 05:45:38'),
(487,	'2016-08-22',	'SSDC-151',	'2016-08-19 07:23:55',	'2016-08-19 07:23:55'),
(488,	'2016-09-05',	'SSDC-233',	'2016-08-19 07:26:09',	'2016-08-19 07:26:09'),
(489,	'2016-08-29',	'SSDC-127',	'2016-08-19 13:23:15',	'2016-08-19 13:23:15'),
(490,	'2016-08-25',	'SSDC-304',	'2016-08-24 12:06:39',	'2016-08-24 12:06:39'),
(491,	'2016-08-26',	'SSDC-304',	'2016-08-24 12:06:47',	'2016-08-24 12:06:47'),
(492,	'2016-08-26',	'SSDC-129',	'2016-08-25 13:08:12',	'2016-08-25 13:08:12'),
(493,	'2016-09-14',	'SSDC-508',	'2016-08-29 07:28:20',	'2016-08-29 07:28:20'),
(494,	'2016-09-15',	'SSDC-508',	'2016-08-29 07:28:32',	'2016-08-29 07:28:32'),
(495,	'2016-09-16',	'SSDC-508',	'2016-08-29 07:28:48',	'2016-08-29 07:28:48'),
(496,	'2016-09-01',	'SSDC-130',	'2016-08-29 11:49:08',	'2016-08-29 11:49:08'),
(497,	'2016-09-02',	'SSDC-130',	'2016-08-29 11:49:17',	'2016-08-29 11:49:17'),
(498,	'2016-09-09',	'SSDC-234',	'2016-09-02 05:51:39',	'2016-09-02 05:51:39'),
(499,	'2016-09-12',	'SSDC-234',	'2016-09-02 05:52:29',	'2016-09-02 05:52:29'),
(506,	'2016-09-06',	'SSDC-085',	'2016-09-02 07:53:07',	'2016-09-02 07:53:07'),
(507,	'2016-09-07',	'SSDC-085',	'2016-09-02 07:56:57',	'2016-09-02 07:56:57'),
(508,	'2016-09-06',	'SSDC-173',	'2016-09-02 11:39:09',	'2016-09-02 11:39:09'),
(509,	'2016-09-13',	'SSDC-234',	'2016-09-05 12:42:06',	'2016-09-05 12:42:06'),
(510,	'2016-10-21',	'SSDC-151',	'2016-09-06 08:20:34',	'2016-09-06 08:20:34'),
(513,	'2016-09-08',	'SSDC-303',	'2016-09-07 05:24:45',	'2016-09-07 05:24:45'),
(514,	'2016-09-09',	'SSDC-122',	'2016-09-08 05:08:34',	'2016-09-08 05:08:34'),
(516,	'2016-09-13',	'SSDC-304',	'2016-09-09 10:43:46',	'2016-09-09 10:43:46'),
(518,	'2016-09-19',	'SSDC-303',	'2016-09-13 07:55:46',	'2016-09-13 07:55:46'),
(519,	'2016-10-03',	'SSDC-124',	'2016-09-13 07:59:33',	'2016-09-13 07:59:33'),
(526,	'2016-09-14',	'SSDC-306',	'2016-09-13 08:25:33',	'2016-09-13 08:25:33'),
(527,	'2016-10-21',	'SSDC-232',	'2016-09-13 13:42:07',	'2016-09-13 13:42:07'),
(528,	'2016-09-16',	'SSDC-233',	'2016-09-13 14:01:05',	'2016-09-13 14:01:05'),
(529,	'2016-09-21',	'SSDC-233',	'2016-09-13 14:01:42',	'2016-09-13 14:01:42'),
(530,	'2016-09-22',	'SSDC-233',	'2016-09-13 14:01:59',	'2016-09-13 14:01:59'),
(531,	'2016-09-23',	'SSDC-233',	'2016-09-13 14:02:10',	'2016-09-13 14:02:10'),
(532,	'2016-09-26',	'SSDC-233',	'2016-09-13 14:02:45',	'2016-09-13 14:02:45'),
(533,	'2016-09-30',	'SSDC-233',	'2016-09-13 14:06:18',	'2016-09-13 14:06:18'),
(535,	'2016-09-15',	'SSDC-232',	'2016-09-13 14:08:55',	'2016-09-13 14:08:55'),
(537,	'2016-09-19',	'SSDC-307',	'2016-09-16 11:16:32',	'2016-09-16 11:16:32'),
(538,	'2016-10-03',	'SSDC-122',	'2016-09-19 05:48:08',	'2016-09-19 05:48:08'),
(539,	'2016-10-04',	'SSDC-122',	'2016-09-19 05:48:22',	'2016-09-19 05:48:22'),
(540,	'2016-10-03',	'SSDC-546',	'2016-09-19 06:01:31',	'2016-09-19 06:01:31'),
(541,	'2016-10-04',	'SSDC-546',	'2016-09-19 06:01:54',	'2016-09-19 06:01:54'),
(542,	'2016-10-21',	'SSDC-303',	'2016-09-19 06:01:58',	'2016-09-19 06:01:58'),
(543,	'2016-10-05',	'SSDC-546',	'2016-09-19 06:02:10',	'2016-09-19 06:02:10'),
(545,	'2016-09-20',	'SSDC-232',	'2016-09-19 06:14:53',	'2016-09-19 06:14:53'),
(546,	'2016-09-20',	'SSDC-122',	'2016-09-19 06:26:03',	'2016-09-19 06:26:03'),
(547,	'2016-09-21',	'SSDC-122',	'2016-09-19 06:26:08',	'2016-09-19 06:26:08'),
(549,	'2016-10-05',	'SSDC-235',	'2016-09-19 08:07:32',	'2016-09-19 08:07:32'),
(550,	'2016-10-06',	'SSDC-235',	'2016-09-19 08:07:40',	'2016-09-19 08:07:40'),
(551,	'2016-10-07',	'SSDC-235',	'2016-09-19 08:07:49',	'2016-09-19 08:07:49'),
(553,	'2016-09-29',	'SSDC-307',	'2016-09-20 08:03:36',	'2016-09-20 08:03:36'),
(554,	'2016-09-30',	'SSDC-307',	'2016-09-20 08:03:46',	'2016-09-20 08:03:46'),
(555,	'2016-09-26',	'SSDC-303',	'2016-09-20 08:23:29',	'2016-09-20 08:23:29'),
(557,	'2016-11-04',	'SSDC-232',	'2016-09-21 11:26:43',	'2016-09-21 11:26:43'),
(559,	'2016-09-22',	'SSDC-306',	'2016-09-21 12:24:25',	'2016-09-21 12:24:25'),
(560,	'2016-09-22',	'SSDC-173',	'2016-09-21 12:27:30',	'2016-09-21 12:27:30'),
(564,	'2016-09-23',	'SSDC-232',	'2016-09-22 04:38:34',	'2016-09-22 04:38:34'),
(565,	'2016-10-05',	'SSDC-122',	'2016-09-22 05:30:26',	'2016-09-22 05:30:26'),
(566,	'2016-09-26',	'SSDC-151',	'2016-09-22 08:18:56',	'2016-09-22 08:18:56'),
(568,	'2016-10-10',	'SSDC-303',	'2016-09-27 07:38:06',	'2016-09-27 07:38:06'),
(569,	'2016-10-10',	'SSDC-235',	'2016-09-27 08:44:21',	'2016-09-27 08:44:21'),
(570,	'2016-10-04',	'SSDC-235',	'2016-09-27 09:28:50',	'2016-09-27 09:28:50'),
(571,	'2016-10-06',	'SSDC-125',	'2016-09-30 07:45:39',	'2016-09-30 07:45:39'),
(572,	'2016-10-07',	'SSDC-125',	'2016-09-30 07:45:49',	'2016-09-30 07:45:49'),
(573,	'2016-10-07',	'SSDC-044',	'2016-10-03 05:21:00',	'2016-10-03 05:21:00'),
(574,	'2016-10-06',	'SSDC-105',	'2016-10-03 05:23:55',	'2016-10-03 05:23:55'),
(580,	'2016-10-25',	'SSDC-508',	'2016-10-06 06:16:30',	'2016-10-06 06:16:30'),
(581,	'2016-10-26',	'SSDC-508',	'2016-10-06 06:16:37',	'2016-10-06 06:16:37'),
(582,	'2016-10-27',	'SSDC-508',	'2016-10-06 06:16:45',	'2016-10-06 06:16:45'),
(583,	'2016-10-28',	'SSDC-508',	'2016-10-06 06:16:56',	'2016-10-06 06:16:56'),
(584,	'2016-10-10',	'SSDC-234',	'2016-10-07 12:18:53',	'2016-10-07 12:18:53'),
(585,	'2016-11-10',	'SSDC-233',	'2016-10-10 06:54:34',	'2016-10-10 06:54:34'),
(586,	'2016-11-11',	'SSDC-233',	'2016-10-10 06:54:43',	'2016-10-10 06:54:43'),
(587,	'2016-10-17',	'SSDC-173',	'2016-10-13 07:09:42',	'2016-10-13 07:09:42'),
(588,	'2016-10-17',	'SSDC-234',	'2016-10-13 07:10:56',	'2016-10-13 07:10:56'),
(589,	'2016-10-28',	'SSDC-235',	'2016-10-25 07:20:55',	'2016-10-25 07:20:55'),
(590,	'2016-10-28',	'SSDC-234',	'2016-10-25 12:27:54',	'2016-10-25 12:27:54'),
(591,	'2016-10-31',	'SSDC-234',	'2016-10-25 12:28:01',	'2016-10-25 12:28:01'),
(592,	'2016-10-31',	'SSDC-152',	'2016-10-26 05:57:03',	'2016-10-26 05:57:03'),
(594,	'2016-11-04',	'SSDC-123',	'2016-10-26 07:25:25',	'2016-10-26 07:25:25'),
(595,	'2016-11-10',	'SSDC-232',	'2016-10-26 07:27:01',	'2016-10-26 07:27:01'),
(596,	'2016-11-11',	'SSDC-232',	'2016-10-26 07:27:14',	'2016-10-26 07:27:14'),
(597,	'2016-10-27',	'SSDC-306',	'2016-10-26 07:30:25',	'2016-10-26 07:30:25'),
(599,	'2016-10-27',	'SSDC-153',	'2016-10-26 07:51:01',	'2016-10-26 07:51:01'),
(600,	'2016-12-16',	'SSDC-124',	'2016-10-26 07:54:34',	'2016-10-26 07:54:34'),
(601,	'2016-12-19',	'SSDC-124',	'2016-10-26 07:55:11',	'2016-10-26 07:55:11'),
(603,	'2016-12-13',	'SSDC-124',	'2016-10-26 08:01:07',	'2016-10-26 08:01:07'),
(604,	'2016-12-14',	'SSDC-124',	'2016-10-26 08:01:16',	'2016-10-26 08:01:16'),
(605,	'2016-12-15',	'SSDC-124',	'2016-10-26 08:01:22',	'2016-10-26 08:01:22'),
(607,	'2016-10-31',	'SSDC-235',	'2016-10-26 08:15:29',	'2016-10-26 08:15:29'),
(608,	'2016-11-11',	'SSDC-303',	'2016-10-26 08:15:43',	'2016-10-26 08:15:43'),
(610,	'2016-11-01',	'SSDC-173',	'2016-10-28 07:39:00',	'2016-10-28 07:39:00'),
(611,	'2016-11-07',	'SSDC-173',	'2016-10-28 07:40:37',	'2016-10-28 07:40:37'),
(612,	'2016-11-14',	'SSDC-173',	'2016-10-28 07:43:45',	'2016-10-28 07:43:45'),
(613,	'2016-11-03',	'SSDC-080',	'2016-10-31 04:50:10',	'2016-10-31 04:50:10'),
(616,	'2016-11-24',	'SSDC-546',	'2016-10-31 04:53:50',	'2016-10-31 04:53:50'),
(617,	'2016-11-25',	'SSDC-546',	'2016-10-31 04:54:09',	'2016-10-31 04:54:09'),
(619,	'2016-11-16',	'SSDC-085',	'2016-10-31 05:17:07',	'2016-10-31 05:17:07'),
(620,	'2016-11-17',	'SSDC-127',	'2016-10-31 05:49:16',	'2016-10-31 05:49:16'),
(621,	'2016-11-18',	'SSDC-127',	'2016-10-31 05:49:24',	'2016-10-31 05:49:24'),
(622,	'2016-11-21',	'SSDC-127',	'2016-10-31 05:49:42',	'2016-10-31 05:49:42'),
(623,	'2016-11-03',	'SSDC-152',	'2016-10-31 07:01:41',	'2016-10-31 07:01:41'),
(624,	'2016-11-07',	'SSDC-304',	'2016-10-31 07:12:44',	'2016-10-31 07:12:44'),
(625,	'2016-11-08',	'SSDC-304',	'2016-10-31 07:12:59',	'2016-10-31 07:12:59'),
(626,	'2016-11-09',	'SSDC-304',	'2016-10-31 07:13:36',	'2016-10-31 07:13:36'),
(630,	'2016-11-14',	'SSDC-232',	'2016-10-31 09:41:21',	'2016-10-31 09:41:21'),
(631,	'2016-11-02',	'SSDC-129',	'2016-11-01 05:35:22',	'2016-11-01 05:35:22'),
(632,	'2016-11-14',	'SSDC-234',	'2016-11-02 06:27:03',	'2016-11-02 06:27:03'),
(633,	'2016-11-15',	'SSDC-234',	'2016-11-02 06:27:10',	'2016-11-02 06:27:10'),
(634,	'2016-11-16',	'SSDC-234',	'2016-11-02 06:27:20',	'2016-11-02 06:27:20'),
(635,	'2016-11-17',	'SSDC-234',	'2016-11-02 06:28:29',	'2016-11-02 06:28:29'),
(636,	'2016-11-18',	'SSDC-234',	'2016-11-02 06:28:39',	'2016-11-02 06:28:39'),
(637,	'2016-11-03',	'SSDC-130',	'2016-11-02 09:12:42',	'2016-11-02 09:12:42'),
(639,	'2016-11-16',	'SSDC-508',	'2016-11-02 12:06:08',	'2016-11-02 12:06:08'),
(640,	'2016-11-17',	'SSDC-508',	'2016-11-02 12:06:34',	'2016-11-02 12:06:34'),
(641,	'2016-11-18',	'SSDC-508',	'2016-11-02 12:06:45',	'2016-11-02 12:06:45'),
(642,	'2016-11-23',	'SSDC-508',	'2016-11-02 12:07:52',	'2016-11-02 12:07:52'),
(643,	'2016-11-24',	'SSDC-508',	'2016-11-02 12:08:02',	'2016-11-02 12:08:02'),
(644,	'2016-11-25',	'SSDC-508',	'2016-11-02 12:08:17',	'2016-11-02 12:08:17'),
(645,	'2016-11-21',	'SSDC-173',	'2016-11-03 07:14:14',	'2016-11-03 07:14:14'),
(646,	'2016-11-09',	'SSDC-303',	'2016-11-03 07:15:38',	'2016-11-03 07:15:38'),
(647,	'2016-12-14',	'SSDC-303',	'2016-11-03 07:17:28',	'2016-11-03 07:17:28'),
(648,	'2016-11-08',	'SSDC-152',	'2016-11-03 07:17:30',	'2016-11-03 07:17:30'),
(649,	'2016-11-09',	'SSDC-233',	'2016-11-03 07:18:48',	'2016-11-03 07:18:48'),
(650,	'2016-11-07',	'SSDC-235',	'2016-11-03 07:28:31',	'2016-11-03 07:28:31'),
(651,	'2016-11-25',	'SSDC-307',	'2016-11-03 08:48:05',	'2016-11-03 08:48:05'),
(652,	'2016-11-24',	'SSDC-307',	'2016-11-03 08:48:12',	'2016-11-03 08:48:12'),
(653,	'2016-11-28',	'SSDC-307',	'2016-11-03 08:48:18',	'2016-11-03 08:48:18'),
(654,	'2016-11-22',	'SSDC-122',	'2016-11-03 08:49:50',	'2016-11-03 08:49:50'),
(655,	'2016-11-23',	'SSDC-122',	'2016-11-03 08:49:59',	'2016-11-03 08:49:59'),
(656,	'2016-11-28',	'SSDC-122',	'2016-11-03 08:50:18',	'2016-11-03 08:50:18'),
(659,	'2016-11-29',	'SSDC-307',	'2016-11-03 08:51:12',	'2016-11-03 08:51:12'),
(660,	'2016-12-14',	'SSDC-122',	'2016-11-03 08:52:28',	'2016-11-03 08:52:28'),
(661,	'2016-12-15',	'SSDC-122',	'2016-11-03 08:52:34',	'2016-11-03 08:52:34'),
(662,	'2016-12-16',	'SSDC-122',	'2016-11-03 08:52:46',	'2016-11-03 08:52:46'),
(663,	'2016-12-15',	'SSDC-307',	'2016-11-03 08:53:40',	'2016-11-03 08:53:40'),
(667,	'2016-12-06',	'SSDC-307',	'2016-11-03 08:54:55',	'2016-11-03 08:54:55'),
(668,	'2016-12-05',	'SSDC-307',	'2016-11-03 08:55:05',	'2016-11-03 08:55:05'),
(671,	'2016-11-28',	'SSDC-124',	'2016-11-03 09:14:19',	'2016-11-03 09:14:19'),
(672,	'2016-11-29',	'SSDC-124',	'2016-11-03 09:17:54',	'2016-11-03 09:17:54'),
(673,	'2016-11-21',	'SSDC-105',	'2016-11-03 12:08:05',	'2016-11-03 12:08:05'),
(675,	'2016-12-06',	'SSDC-105',	'2016-11-04 06:20:09',	'2016-11-04 06:20:09'),
(676,	'2016-12-07',	'SSDC-105',	'2016-11-04 06:20:19',	'2016-11-04 06:20:19'),
(677,	'2016-11-10',	'SSDC-085',	'2016-11-04 08:42:51',	'2016-11-04 08:42:51'),
(678,	'2016-11-15',	'SSDC-546',	'2016-11-04 11:39:43',	'2016-11-04 11:39:43'),
(679,	'2016-12-02',	'SSDC-232',	'2016-11-08 05:31:29',	'2016-11-08 05:31:29'),
(683,	'2016-11-15',	'SSDC-173',	'2016-11-14 06:16:02',	'2016-11-14 06:16:02'),
(684,	'2016-11-22',	'SSDC-173',	'2016-11-14 06:16:15',	'2016-11-14 06:16:15'),
(685,	'2016-11-30',	'SSDC-105',	'2016-11-14 11:32:18',	'2016-11-14 11:32:18'),
(686,	'2016-12-01',	'SSDC-105',	'2016-11-14 11:40:09',	'2016-11-14 11:40:09'),
(688,	'2016-12-12',	'SSDC-304',	'2016-11-24 11:21:47',	'2016-11-24 11:21:47'),
(689,	'2016-12-01',	'SSDC-122',	'2016-11-28 11:22:11',	'2016-11-28 11:22:11'),
(690,	'2016-11-30',	'SSDC-306',	'2016-11-28 11:28:42',	'2016-11-28 11:28:42'),
(692,	'2016-12-29',	'SSDC-151',	'2016-06-24 05:49:40',	'2016-06-24 05:49:40'),
(696,	'2016-12-02',	'SSDC-153',	'2016-12-01 05:26:42',	'2016-12-01 05:26:42'),
(697,	'2016-12-20',	'SSDC-235',	'2016-12-01 05:32:14',	'2016-12-01 05:32:14'),
(698,	'2016-12-23',	'SSDC-125',	'2016-12-02 12:05:43',	'2016-12-02 12:05:43'),
(699,	'2016-12-22',	'SSDC-125',	'2016-12-02 12:05:48',	'2016-12-02 12:05:48'),
(701,	'2016-12-05',	'SSDC-080',	'2016-12-02 12:08:50',	'2016-12-02 12:08:50'),
(702,	'2016-12-20',	'SSDC-233',	'2016-12-02 12:09:28',	'2016-12-02 12:09:28'),
(703,	'2016-12-09',	'SSDC-080',	'2016-12-02 12:09:38',	'2016-12-02 12:09:38'),
(704,	'2016-12-07',	'SSDC-305',	'2016-12-02 12:14:24',	'2016-12-02 12:14:24'),
(705,	'2016-12-08',	'SSDC-305',	'2016-12-02 12:14:30',	'2016-12-02 12:14:30'),
(706,	'2016-12-09',	'SSDC-151',	'2016-12-06 05:27:58',	'2016-12-06 05:27:58'),
(707,	'2016-12-27',	'SSDC-232',	'2016-12-06 05:28:53',	'2016-12-06 05:28:53'),
(708,	'2016-12-28',	'SSDC-232',	'2016-12-06 05:28:58',	'2016-12-06 05:28:58'),
(709,	'2016-12-08',	'SSDC-151',	'2016-12-06 05:34:23',	'2016-12-06 05:34:23'),
(710,	'2016-12-16',	'SSDC-233',	'2016-12-06 05:34:53',	'2016-12-06 05:34:53'),
(711,	'2016-12-21',	'SSDC-235',	'2016-12-07 07:45:19',	'2016-12-07 07:45:19'),
(712,	'2016-12-23',	'SSDC-546',	'2016-12-13 04:28:13',	'2016-12-13 04:28:13'),
(713,	'2016-12-27',	'SSDC-546',	'2016-12-13 04:28:47',	'2016-12-13 04:28:47'),
(716,	'2016-12-28',	'SSDC-304',	'2016-12-13 08:50:07',	'2016-12-13 08:50:07'),
(718,	'2016-12-27',	'SSDC-304',	'2016-12-13 11:51:34',	'2016-12-13 11:51:34'),
(719,	'2016-12-21',	'SSDC-152',	'2016-12-13 11:59:06',	'2016-12-13 11:59:06'),
(720,	'2016-12-22',	'SSDC-152',	'2016-12-13 12:00:00',	'2016-12-13 12:00:00'),
(723,	'2016-12-23',	'SSDC-234',	'2016-12-13 12:09:57',	'2016-12-13 12:09:57');

DROP TABLE IF EXISTS `migrations`;
CREATE TABLE `migrations` (
  `migration` varchar(255) COLLATE utf8_unicode_ci NOT NULL,
  `batch` int(11) NOT NULL
) ENGINE=InnoDB DEFAULT CHARSET=utf8 COLLATE=utf8_unicode_ci;

INSERT INTO `migrations` (`migration`, `batch`) VALUES
('2012_12_06_225921_migration_cartalyst_sentry_install_users',	1),
('2012_12_06_225929_migration_cartalyst_sentry_install_groups',	1),
('2012_12_06_225945_migration_cartalyst_sentry_install_users_groups_pivot',	1),
('2012_12_06_225988_migration_cartalyst_sentry_install_throttle',	1);

DROP TABLE IF EXISTS `projects`;
CREATE TABLE `projects` (
  `project_ID` int(11) NOT NULL,
  `project_Name` varchar(11) NOT NULL,
  `max_agents` int(2) NOT NULL,
  `created_at` datetime NOT NULL,
  `updated_at` datetime NOT NULL,
  PRIMARY KEY (`project_ID`)
) ENGINE=InnoDB DEFAULT CHARSET=latin1;

INSERT INTO `projects` (`project_ID`, `project_Name`, `max_agents`, `created_at`, `updated_at`) VALUES
(1,	'GAR1',	3,	'0000-00-00 00:00:00',	'0000-00-00 00:00:00'),
(2,	'GAR2',	3,	'0000-00-00 00:00:00',	'0000-00-00 00:00:00'),
(3,	'GAR3',	2,	'0000-00-00 00:00:00',	'0000-00-00 00:00:00');

DROP TABLE IF EXISTS `throttle`;
CREATE TABLE `throttle` (
  `id` int(10) unsigned NOT NULL AUTO_INCREMENT,
  `user_id` int(10) unsigned NOT NULL,
  `ip_address` varchar(255) COLLATE utf8_unicode_ci DEFAULT NULL,
  `attempts` int(11) NOT NULL DEFAULT '0',
  `suspended` tinyint(1) NOT NULL DEFAULT '0',
  `banned` tinyint(1) NOT NULL DEFAULT '0',
  `last_attempt_at` timestamp NULL DEFAULT NULL,
  `suspended_at` timestamp NULL DEFAULT NULL,
  `banned_at` timestamp NULL DEFAULT NULL,
  PRIMARY KEY (`id`),
  KEY `throttle_user_id_index` (`user_id`)
) ENGINE=InnoDB DEFAULT CHARSET=utf8 COLLATE=utf8_unicode_ci;

INSERT INTO `throttle` (`id`, `user_id`, `ip_address`, `attempts`, `suspended`, `banned`, `last_attempt_at`, `suspended_at`, `banned_at`) VALUES
(5,	17,	'127.0.0.1',	5,	1,	0,	'2016-01-25 16:56:28',	'2016-01-25 16:56:28',	NULL),
(6,	18,	'127.0.0.1',	0,	0,	0,	NULL,	NULL,	NULL),
(7,	22,	'127.0.0.1',	0,	0,	0,	NULL,	NULL,	NULL),
(8,	21,	'127.0.0.1',	0,	0,	0,	NULL,	NULL,	NULL),
(9,	22,	'::1',	0,	0,	0,	NULL,	NULL,	NULL),
(10,	23,	'192.168.3.48',	5,	1,	0,	'2016-01-29 05:45:51',	'2016-01-29 05:45:51',	NULL),
(11,	23,	'192.168.3.111',	0,	0,	0,	NULL,	NULL,	NULL),
(12,	22,	'192.168.3.58',	0,	0,	0,	NULL,	NULL,	NULL),
(13,	22,	'192.168.3.61',	0,	0,	0,	NULL,	NULL,	NULL),
(14,	24,	'192.168.3.61',	0,	0,	0,	NULL,	NULL,	NULL),
(15,	22,	'192.168.3.111',	0,	0,	0,	NULL,	NULL,	NULL),
(16,	25,	'192.168.3.42',	0,	0,	0,	NULL,	NULL,	NULL),
(17,	26,	'::1',	0,	0,	0,	NULL,	NULL,	NULL),
(18,	28,	'::1',	0,	0,	0,	NULL,	NULL,	NULL),
(19,	29,	'::1',	0,	0,	0,	NULL,	NULL,	NULL),
(20,	29,	'192.168.3.129',	0,	0,	0,	NULL,	NULL,	NULL),
(21,	28,	'192.168.3.105',	0,	0,	0,	NULL,	NULL,	NULL),
(22,	30,	'192.168.3.41',	0,	0,	0,	NULL,	NULL,	NULL),
(23,	31,	'192.168.3.79',	0,	0,	0,	NULL,	NULL,	NULL),
(24,	32,	'192.168.3.109',	0,	0,	0,	NULL,	NULL,	NULL),
(25,	33,	'192.168.3.83',	0,	0,	0,	NULL,	NULL,	NULL),
(26,	34,	'192.168.3.95',	0,	0,	0,	NULL,	NULL,	NULL),
(27,	24,	'192.168.3.104',	0,	0,	0,	NULL,	NULL,	NULL),
(28,	35,	'192.168.3.113',	0,	0,	0,	NULL,	NULL,	NULL),
(29,	36,	'192.168.3.47',	0,	0,	0,	NULL,	NULL,	NULL),
(30,	37,	'192.168.3.43',	0,	0,	0,	NULL,	NULL,	NULL),
(31,	23,	'192.168.3.118',	5,	1,	0,	'2016-02-01 04:54:52',	'2016-02-01 04:54:52',	NULL),
(32,	38,	'192.168.3.118',	0,	0,	0,	NULL,	NULL,	NULL),
(33,	25,	'192.168.3.32',	0,	0,	0,	NULL,	NULL,	NULL),
(34,	40,	'192.168.3.35',	0,	0,	0,	NULL,	NULL,	NULL),
(35,	39,	'192.168.3.48',	0,	0,	0,	NULL,	NULL,	NULL),
(36,	41,	'192.168.3.38',	2,	0,	0,	'2016-02-08 08:14:16',	NULL,	NULL),
(37,	29,	'192.168.3.145',	0,	0,	0,	NULL,	NULL,	NULL),
(38,	28,	'192.168.3.92',	0,	0,	0,	NULL,	NULL,	NULL),
(39,	38,	'192.168.3.98',	0,	0,	0,	NULL,	NULL,	NULL),
(40,	31,	'192.168.3.96',	0,	0,	0,	NULL,	NULL,	NULL),
(41,	30,	'192.168.3.47',	0,	0,	0,	NULL,	NULL,	NULL),
(42,	32,	'192.168.3.190',	0,	0,	0,	NULL,	NULL,	NULL),
(43,	43,	'192.168.3.99',	0,	0,	0,	NULL,	NULL,	NULL),
(44,	35,	'192.168.3.79',	0,	0,	0,	NULL,	NULL,	NULL),
(45,	39,	'192.168.3.112',	3,	0,	0,	'2016-02-08 06:47:30',	NULL,	NULL),
(46,	24,	'192.168.3.37',	0,	0,	0,	NULL,	NULL,	NULL),
(47,	44,	'192.168.3.145',	5,	1,	0,	'2016-02-08 10:41:12',	'2016-02-08 10:41:12',	NULL),
(48,	29,	'192.168.3.122',	0,	0,	0,	NULL,	NULL,	NULL),
(49,	45,	'192.168.3.134',	0,	0,	0,	NULL,	NULL,	NULL),
(50,	30,	'192.168.3.117',	4,	0,	0,	'2016-03-04 03:34:17',	NULL,	NULL),
(51,	32,	'192.168.3.57',	1,	0,	0,	'2016-03-04 03:33:33',	NULL,	NULL),
(52,	46,	'192.168.3.49',	0,	0,	0,	NULL,	NULL,	NULL),
(53,	47,	'192.168.3.117',	0,	0,	0,	NULL,	NULL,	NULL),
(54,	48,	'192.168.3.57',	0,	0,	0,	NULL,	NULL,	NULL),
(55,	49,	'192.168.3.111',	0,	0,	0,	NULL,	NULL,	NULL),
(56,	51,	'192.168.3.98',	0,	0,	0,	NULL,	NULL,	NULL),
(57,	50,	'192.168.3.44',	0,	0,	0,	NULL,	NULL,	NULL),
(58,	52,	'192.168.3.46',	0,	0,	0,	NULL,	NULL,	NULL),
(59,	54,	'192.168.3.175',	0,	0,	0,	NULL,	NULL,	NULL),
(60,	58,	'192.168.3.58',	0,	0,	0,	NULL,	NULL,	NULL),
(61,	57,	'192.168.3.163',	0,	0,	0,	NULL,	NULL,	NULL),
(62,	53,	'192.168.3.112',	0,	0,	0,	NULL,	NULL,	NULL),
(63,	55,	'192.168.3.77',	0,	0,	0,	NULL,	NULL,	NULL),
(64,	59,	'192.168.3.79',	0,	0,	0,	NULL,	NULL,	NULL),
(65,	60,	'192.168.3.163',	0,	0,	0,	NULL,	NULL,	NULL),
(66,	56,	'192.168.3.53',	0,	0,	0,	NULL,	NULL,	NULL),
(67,	61,	'::1',	2,	0,	0,	'2016-03-07 04:54:20',	NULL,	NULL),
(68,	62,	'::1',	0,	0,	0,	NULL,	NULL,	NULL),
(69,	49,	'192.168.3.86',	0,	0,	0,	NULL,	NULL,	NULL),
(70,	53,	'192.168.3.92',	0,	0,	0,	NULL,	NULL,	NULL),
(71,	47,	'192.168.3.114',	0,	0,	0,	NULL,	NULL,	NULL),
(72,	59,	'192.168.3.98',	0,	0,	0,	NULL,	NULL,	NULL),
(73,	48,	'192.168.3.83',	0,	0,	0,	NULL,	NULL,	NULL),
(74,	55,	'192.168.3.96',	0,	0,	0,	NULL,	NULL,	NULL),
(75,	51,	'192.168.3.50',	0,	0,	0,	NULL,	NULL,	NULL),
(76,	57,	'192.168.3.120',	0,	0,	0,	NULL,	NULL,	NULL),
(77,	50,	'192.168.3.40',	0,	0,	0,	NULL,	NULL,	NULL),
(78,	52,	'192.168.3.60',	0,	0,	0,	NULL,	NULL,	NULL),
(79,	63,	'192.168.3.109',	0,	0,	0,	NULL,	NULL,	NULL),
(80,	64,	'192.168.3.85',	0,	0,	0,	NULL,	NULL,	NULL),
(81,	65,	'::1',	0,	0,	0,	NULL,	NULL,	NULL),
(82,	58,	'192.168.3.61',	0,	0,	0,	NULL,	NULL,	NULL),
(83,	62,	'192.168.3.91',	0,	0,	0,	NULL,	NULL,	NULL),
(84,	60,	'192.168.3.41',	0,	0,	0,	NULL,	NULL,	NULL),
(85,	63,	'192.168.3.212',	0,	0,	0,	NULL,	NULL,	NULL),
(86,	49,	'192.168.3.186',	0,	0,	0,	NULL,	NULL,	NULL),
(87,	62,	'127.0.0.1',	0,	0,	0,	NULL,	NULL,	NULL),
(88,	58,	'192.168.3.59',	0,	0,	0,	NULL,	NULL,	NULL),
(89,	63,	'192.168.3.103',	0,	0,	0,	NULL,	NULL,	NULL),
(90,	63,	'127.0.0.1',	0,	0,	0,	NULL,	NULL,	NULL),
(91,	63,	'192.168.3.50',	0,	0,	0,	NULL,	NULL,	NULL),
(92,	63,	'192.168.3.89',	0,	0,	0,	NULL,	NULL,	NULL),
(93,	63,	'192.168.3.87',	0,	0,	0,	NULL,	NULL,	NULL),
(94,	62,	'192.168.3.136',	0,	0,	0,	NULL,	NULL,	NULL),
(95,	48,	'192.168.3.118',	0,	0,	0,	NULL,	NULL,	NULL),
(96,	66,	'192.168.3.100',	0,	0,	0,	NULL,	NULL,	NULL),
(97,	67,	'192.168.3.99',	0,	0,	0,	NULL,	NULL,	NULL),
(98,	63,	'::1',	0,	0,	0,	NULL,	NULL,	NULL),
(99,	48,	'192.168.3.75',	0,	0,	0,	NULL,	NULL,	NULL),
(100,	47,	'192.168.3.19',	2,	0,	0,	'2016-04-04 08:52:59',	NULL,	NULL),
(101,	46,	'192.168.3.86',	0,	0,	0,	NULL,	NULL,	NULL),
(102,	58,	'192.168.3.74',	0,	0,	0,	NULL,	NULL,	NULL),
(103,	49,	'192.168.3.108',	0,	0,	0,	NULL,	NULL,	NULL),
(104,	64,	'192.168.3.101',	2,	0,	0,	'2016-04-04 08:57:06',	NULL,	NULL),
(105,	63,	'192.168.3.208',	0,	0,	0,	NULL,	NULL,	NULL),
(106,	68,	'192.168.3.19',	0,	0,	0,	NULL,	NULL,	NULL),
(107,	51,	'192.168.3.121',	0,	0,	0,	NULL,	NULL,	NULL),
(108,	59,	'192.168.3.77',	0,	0,	0,	NULL,	NULL,	NULL),
(109,	62,	'192.168.3.109',	0,	0,	0,	NULL,	NULL,	NULL),
(110,	69,	'192.168.3.106',	0,	0,	0,	NULL,	NULL,	NULL),
(111,	70,	'192.168.3.31',	0,	0,	0,	NULL,	NULL,	NULL),
(112,	53,	'192.168.3.54',	0,	0,	0,	NULL,	NULL,	NULL),
(113,	71,	'192.168.3.116',	0,	0,	0,	NULL,	NULL,	NULL),
(114,	72,	'192.168.3.83',	0,	0,	0,	NULL,	NULL,	NULL),
(115,	73,	'192.168.3.101',	0,	0,	0,	NULL,	NULL,	NULL),
(116,	66,	'192.168.3.119',	0,	0,	0,	NULL,	NULL,	NULL),
(117,	68,	'192.168.3.93',	0,	0,	0,	NULL,	NULL,	NULL),
(118,	58,	'192.168.3.84',	0,	0,	0,	NULL,	NULL,	NULL),
(119,	48,	'192.168.3.109',	0,	0,	0,	NULL,	NULL,	NULL),
(120,	60,	'192.168.3.75',	0,	0,	0,	NULL,	NULL,	NULL),
(121,	50,	'192.168.3.52',	5,	1,	0,	'2016-06-03 06:14:08',	'2016-06-03 06:14:08',	NULL),
(122,	57,	'192.168.3.77',	0,	0,	0,	NULL,	NULL,	NULL),
(123,	59,	'192.168.3.122',	0,	0,	0,	NULL,	NULL,	NULL),
(124,	52,	'192.168.3.101',	0,	0,	0,	NULL,	NULL,	NULL),
(125,	46,	'192.168.3.87',	0,	0,	0,	NULL,	NULL,	NULL),
(126,	75,	'192.168.3.121',	0,	0,	0,	NULL,	NULL,	NULL),
(127,	74,	'192.168.3.32',	0,	0,	0,	NULL,	NULL,	NULL),
(128,	77,	'192.168.3.112',	1,	0,	0,	'2016-04-11 05:55:21',	NULL,	NULL),
(129,	76,	'192.168.3.61',	0,	0,	0,	NULL,	NULL,	NULL),
(130,	78,	'192.168.3.112',	0,	0,	0,	NULL,	NULL,	NULL),
(131,	79,	'192.168.3.116',	0,	0,	0,	NULL,	NULL,	NULL),
(132,	80,	'192.168.3.90',	0,	0,	0,	NULL,	NULL,	NULL),
(133,	81,	'192.168.3.11',	0,	0,	0,	NULL,	NULL,	NULL),
(134,	82,	'::1',	0,	0,	0,	NULL,	NULL,	NULL),
(135,	79,	'192.168.3.29',	0,	0,	0,	NULL,	NULL,	NULL),
(136,	53,	'192.168.3.91',	0,	0,	0,	NULL,	NULL,	NULL),
(137,	79,	'192.168.3.76',	0,	0,	0,	NULL,	NULL,	NULL),
(138,	52,	'192.168.3.107',	0,	0,	0,	NULL,	NULL,	NULL),
(139,	50,	'192.168.3.33',	0,	0,	0,	NULL,	NULL,	NULL),
(140,	70,	'192.168.3.88',	0,	0,	0,	NULL,	NULL,	NULL),
(141,	52,	'192.168.3.74',	0,	0,	0,	NULL,	NULL,	NULL),
(142,	75,	'192.168.3.77',	0,	0,	0,	NULL,	NULL,	NULL),
(143,	67,	'192.168.3.41',	0,	0,	0,	NULL,	NULL,	NULL),
(144,	55,	'192.168.3.121',	0,	0,	0,	NULL,	NULL,	NULL),
(145,	63,	'192.168.3.202',	0,	0,	0,	NULL,	NULL,	NULL),
(146,	79,	'192.168.3.167',	0,	0,	0,	NULL,	NULL,	NULL),
(147,	79,	'192.168.3.177',	0,	0,	0,	NULL,	NULL,	NULL),
(148,	63,	'192.168.3.119',	0,	0,	0,	NULL,	NULL,	NULL),
(149,	46,	'192.168.3.98',	0,	0,	0,	NULL,	NULL,	NULL),
(150,	50,	'192.168.3.51',	0,	0,	0,	NULL,	NULL,	NULL),
(151,	55,	'192.168.3.90',	0,	0,	0,	NULL,	NULL,	NULL),
(152,	80,	'192.168.3.78',	0,	0,	0,	NULL,	NULL,	NULL),
(153,	59,	'192.168.3.178',	0,	0,	0,	NULL,	NULL,	NULL),
(154,	74,	'192.168.3.35',	0,	0,	0,	NULL,	NULL,	NULL),
(155,	70,	'192.168.3.61',	0,	0,	0,	NULL,	NULL,	NULL),
(156,	68,	'192.168.3.113',	0,	0,	0,	NULL,	NULL,	NULL),
(157,	51,	'192.168.3.119',	0,	0,	0,	NULL,	NULL,	NULL),
(158,	51,	'192.168.3.75',	0,	0,	0,	NULL,	NULL,	NULL),
(159,	79,	'192.168.3.117',	0,	0,	0,	NULL,	NULL,	NULL),
(160,	66,	'192.168.3.96',	0,	0,	0,	NULL,	NULL,	NULL),
(161,	63,	'192.168.3.52',	0,	0,	0,	NULL,	NULL,	NULL),
(162,	79,	'192.168.3.189',	0,	0,	0,	NULL,	NULL,	NULL),
(163,	83,	'192.168.3.108',	0,	0,	0,	NULL,	NULL,	NULL),
(164,	72,	'192.168.3.116',	0,	0,	0,	NULL,	NULL,	NULL),
(165,	84,	'::1',	0,	0,	0,	NULL,	NULL,	NULL),
(166,	54,	'192.168.3.40',	0,	0,	0,	NULL,	NULL,	NULL),
(167,	63,	'192.168.3.159',	0,	0,	0,	NULL,	NULL,	NULL),
(168,	51,	'192.168.3.77',	0,	0,	0,	NULL,	NULL,	NULL),
(169,	48,	'192.168.3.99',	0,	0,	0,	NULL,	NULL,	NULL),
(170,	53,	'192.168.3.75',	0,	0,	0,	NULL,	NULL,	NULL),
(171,	79,	'192.168.3.46',	0,	0,	0,	NULL,	NULL,	NULL),
(172,	69,	'192.168.3.107',	0,	0,	0,	NULL,	NULL,	NULL),
(173,	68,	'192.168.3.94',	0,	0,	0,	NULL,	NULL,	NULL),
(174,	80,	'192.168.3.100',	0,	0,	0,	NULL,	NULL,	NULL),
(175,	63,	'192.168.3.153',	0,	0,	0,	NULL,	NULL,	NULL),
(176,	59,	'192.168.3.83',	0,	0,	0,	NULL,	NULL,	NULL),
(177,	67,	'192.168.3.88',	0,	0,	0,	NULL,	NULL,	NULL),
(178,	85,	'192.168.3.43',	0,	0,	0,	NULL,	NULL,	NULL),
(179,	79,	'192.168.3.44',	0,	0,	0,	NULL,	NULL,	NULL),
(180,	58,	'192.168.3.51',	0,	0,	0,	NULL,	NULL,	NULL),
(181,	50,	'192.168.3.23',	0,	0,	0,	NULL,	NULL,	NULL),
(182,	74,	'192.168.3.36',	0,	0,	0,	NULL,	NULL,	NULL),
(183,	76,	'192.168.3.33',	0,	0,	0,	NULL,	NULL,	NULL),
(184,	67,	'192.168.3.86',	0,	0,	0,	NULL,	NULL,	NULL),
(185,	75,	'192.168.3.94',	0,	0,	0,	NULL,	NULL,	NULL),
(186,	72,	'192.168.3.117',	0,	0,	0,	NULL,	NULL,	NULL),
(187,	83,	'192.168.3.115',	5,	1,	0,	'2016-05-11 03:16:26',	'2016-05-11 03:16:26',	NULL),
(188,	85,	'192.168.3.119',	0,	0,	0,	NULL,	NULL,	NULL),
(189,	46,	'192.168.3.10',	0,	0,	0,	NULL,	NULL,	NULL),
(190,	53,	'192.168.3.59',	0,	0,	0,	NULL,	NULL,	NULL),
(191,	48,	'192.168.3.111',	0,	0,	0,	NULL,	NULL,	NULL),
(192,	54,	'192.168.3.31',	0,	0,	0,	NULL,	NULL,	NULL),
(193,	79,	'192.168.3.61',	0,	0,	0,	NULL,	NULL,	NULL),
(194,	69,	'192.168.3.112',	0,	0,	0,	NULL,	NULL,	NULL),
(195,	66,	'192.168.3.85',	0,	0,	0,	NULL,	NULL,	NULL),
(196,	63,	'192.168.3.96',	0,	0,	0,	NULL,	NULL,	NULL),
(197,	71,	'192.168.3.110',	0,	0,	0,	NULL,	NULL,	NULL),
(198,	79,	'192.168.3.77',	0,	0,	0,	NULL,	NULL,	NULL),
(199,	70,	'192.168.3.38',	0,	0,	0,	NULL,	NULL,	NULL),
(200,	79,	'192.168.3.106',	0,	0,	0,	NULL,	NULL,	NULL),
(201,	48,	'192.168.3.37',	0,	0,	0,	NULL,	NULL,	NULL),
(202,	83,	'192.168.3.93',	0,	0,	0,	NULL,	NULL,	NULL),
(203,	76,	'192.168.3.57',	0,	0,	0,	NULL,	NULL,	NULL),
(204,	67,	'192.168.3.75',	0,	0,	0,	NULL,	NULL,	NULL),
(205,	78,	'192.168.3.86',	0,	0,	0,	NULL,	NULL,	NULL),
(206,	74,	'192.168.3.29',	0,	0,	0,	NULL,	NULL,	NULL),
(207,	66,	'192.168.3.99',	0,	0,	0,	NULL,	NULL,	NULL),
(208,	79,	'192.168.3.102',	0,	0,	0,	NULL,	NULL,	NULL),
(209,	60,	'192.168.3.87',	0,	0,	0,	NULL,	NULL,	NULL),
(210,	69,	'192.168.3.88',	0,	0,	0,	NULL,	NULL,	NULL),
(211,	75,	'192.168.3.51',	0,	0,	0,	NULL,	NULL,	NULL),
(212,	80,	'192.168.3.123',	0,	0,	0,	NULL,	NULL,	NULL),
(213,	46,	'192.168.3.47',	0,	0,	0,	NULL,	NULL,	NULL),
(214,	51,	'192.168.3.34',	0,	0,	0,	NULL,	NULL,	NULL),
(215,	52,	'192.168.3.54',	0,	0,	0,	NULL,	NULL,	NULL),
(216,	54,	'192.168.3.60',	0,	0,	0,	NULL,	NULL,	NULL),
(217,	59,	'192.168.3.40',	0,	0,	0,	NULL,	NULL,	NULL),
(218,	69,	'192.168.3.62',	0,	0,	0,	NULL,	NULL,	NULL),
(219,	49,	'192.168.3.88',	0,	0,	0,	NULL,	NULL,	NULL),
(220,	46,	'192.168.3.193',	0,	0,	0,	NULL,	NULL,	NULL),
(221,	63,	'192.168.3.200',	0,	0,	0,	NULL,	NULL,	NULL),
(222,	68,	'192.168.3.78',	0,	0,	0,	NULL,	NULL,	NULL),
(223,	74,	'192.168.3.18',	0,	0,	0,	NULL,	NULL,	NULL),
(224,	83,	'192.168.3.86',	0,	0,	0,	NULL,	NULL,	NULL),
(225,	85,	'192.168.3.60',	0,	0,	0,	NULL,	NULL,	NULL),
(226,	69,	'192.168.3.60',	0,	0,	0,	NULL,	NULL,	NULL),
(227,	79,	'192.168.3.141',	0,	0,	0,	NULL,	NULL,	NULL),
(228,	50,	'192.168.3.22',	0,	0,	0,	NULL,	NULL,	NULL),
(229,	63,	'192.168.3.49',	0,	0,	0,	NULL,	NULL,	NULL),
(230,	53,	'192.168.3.34',	0,	0,	0,	NULL,	NULL,	NULL),
(231,	72,	'192.168.3.53',	0,	0,	0,	NULL,	NULL,	NULL),
(232,	73,	'192.168.3.164',	0,	0,	0,	NULL,	NULL,	NULL),
(233,	79,	'192.168.3.52',	0,	0,	0,	NULL,	NULL,	NULL),
(234,	75,	'192.168.3.183',	0,	0,	0,	NULL,	NULL,	NULL),
(235,	86,	'::1',	0,	0,	0,	NULL,	NULL,	NULL),
(236,	82,	'192.168.3.141',	0,	0,	0,	NULL,	NULL,	NULL),
(237,	63,	'192.168.3.141',	0,	0,	0,	NULL,	NULL,	NULL),
(238,	75,	'192.168.3.34',	0,	0,	0,	NULL,	NULL,	NULL),
(239,	85,	'192.168.3.57',	0,	0,	0,	NULL,	NULL,	NULL),
(240,	53,	'192.168.3.50',	0,	0,	0,	NULL,	NULL,	NULL),
(241,	79,	'192.168.2.162',	0,	0,	0,	NULL,	NULL,	NULL),
(242,	71,	'192.168.3.85',	0,	0,	0,	NULL,	NULL,	NULL),
(243,	55,	'192.168.3.44',	0,	0,	0,	NULL,	NULL,	NULL),
(244,	54,	'192.168.3.207',	0,	0,	0,	NULL,	NULL,	NULL),
(245,	58,	'192.168.3.47',	0,	0,	0,	NULL,	NULL,	NULL),
(246,	67,	'192.168.2.161',	0,	0,	0,	NULL,	NULL,	NULL),
(247,	69,	'192.168.2.176',	0,	0,	0,	NULL,	NULL,	NULL),
(248,	58,	'192.168.2.158',	0,	0,	0,	NULL,	NULL,	NULL),
(249,	63,	'192.168.3.13',	0,	0,	0,	NULL,	NULL,	NULL),
(250,	79,	'192.168.2.148',	0,	0,	0,	NULL,	NULL,	NULL),
(251,	53,	'192.168.3.39',	0,	0,	0,	NULL,	NULL,	NULL),
(252,	59,	'192.168.2.239',	0,	0,	0,	NULL,	NULL,	NULL),
(253,	51,	'192.168.3.175',	0,	0,	0,	NULL,	NULL,	NULL),
(254,	63,	'192.168.2.248',	0,	0,	0,	NULL,	NULL,	NULL),
(255,	59,	'192.168.2.158',	0,	0,	0,	NULL,	NULL,	NULL),
(256,	83,	'192.168.3.44',	0,	0,	0,	NULL,	NULL,	NULL),
(257,	68,	'192.168.3.21',	0,	0,	0,	NULL,	NULL,	NULL),
(258,	58,	'192.168.3.56',	0,	0,	0,	NULL,	NULL,	NULL),
(259,	78,	'192.168.3.50',	0,	0,	0,	NULL,	NULL,	NULL),
(260,	63,	'192.168.3.43',	0,	0,	0,	NULL,	NULL,	NULL),
(261,	79,	'192.168.3.35',	0,	0,	0,	NULL,	NULL,	NULL),
(262,	85,	'192.168.2.158',	0,	0,	0,	NULL,	NULL,	NULL),
(263,	69,	'192.168.3.29',	0,	0,	0,	NULL,	NULL,	NULL),
(264,	63,	'192.168.3.137',	0,	0,	0,	NULL,	NULL,	NULL),
(265,	55,	'192.168.2.224',	0,	0,	0,	NULL,	NULL,	NULL),
(266,	46,	'192.168.2.181',	0,	0,	0,	NULL,	NULL,	NULL),
(267,	59,	'192.168.2.127',	0,	0,	0,	NULL,	NULL,	NULL),
(268,	86,	'192.168.3.17',	0,	0,	0,	NULL,	NULL,	NULL),
(269,	68,	'192.168.2.222',	0,	0,	0,	NULL,	NULL,	NULL),
(270,	67,	'192.168.3.16',	0,	0,	0,	NULL,	NULL,	NULL),
(271,	55,	'192.168.2.158',	0,	0,	0,	NULL,	NULL,	NULL),
(272,	69,	'192.168.2.187',	0,	0,	0,	NULL,	NULL,	NULL),
(273,	73,	'192.168.3.7',	0,	0,	0,	NULL,	NULL,	NULL),
(274,	83,	'192.168.3.82',	0,	0,	0,	NULL,	NULL,	NULL),
(275,	69,	'192.168.2.183',	0,	0,	0,	NULL,	NULL,	NULL),
(276,	68,	'192.168.3.60',	0,	0,	0,	NULL,	NULL,	NULL),
(277,	76,	'192.168.2.203',	0,	0,	0,	NULL,	NULL,	NULL),
(278,	79,	'192.168.3.34',	0,	0,	0,	NULL,	NULL,	NULL),
(279,	63,	'192.168.3.35',	0,	0,	0,	NULL,	NULL,	NULL),
(280,	67,	'192.168.2.255',	0,	0,	0,	NULL,	NULL,	NULL),
(281,	58,	'192.168.3.16',	0,	0,	0,	NULL,	NULL,	NULL),
(282,	85,	'192.168.2.162',	0,	0,	0,	NULL,	NULL,	NULL),
(283,	83,	'192.168.3.43',	0,	0,	0,	NULL,	NULL,	NULL),
(284,	48,	'192.168.3.26',	0,	0,	0,	NULL,	NULL,	NULL),
(285,	46,	'192.168.2.184',	0,	0,	0,	NULL,	NULL,	NULL),
(286,	75,	'192.168.2.217',	0,	0,	0,	NULL,	NULL,	NULL),
(287,	71,	'192.168.2.156',	0,	0,	0,	NULL,	NULL,	NULL),
(288,	78,	'192.168.2.189',	0,	0,	0,	NULL,	NULL,	NULL),
(289,	50,	'192.168.2.194',	0,	0,	0,	NULL,	NULL,	NULL),
(290,	80,	'192.168.2.195',	0,	0,	0,	NULL,	NULL,	NULL),
(291,	74,	'192.168.2.174',	0,	0,	0,	NULL,	NULL,	NULL),
(292,	80,	'192.168.2.203',	0,	0,	0,	NULL,	NULL,	NULL),
(293,	59,	'192.168.2.207',	0,	0,	0,	NULL,	NULL,	NULL),
(294,	73,	'192.168.2.213',	0,	0,	0,	NULL,	NULL,	NULL),
(295,	85,	'192.168.3.47',	0,	0,	0,	NULL,	NULL,	NULL),
(296,	63,	'192.168.2.226',	0,	0,	0,	NULL,	NULL,	NULL),
(297,	69,	'192.168.3.33',	0,	0,	0,	NULL,	NULL,	NULL),
(298,	85,	'192.168.2.127',	0,	0,	0,	NULL,	NULL,	NULL),
(299,	73,	'192.168.2.127',	0,	0,	0,	NULL,	NULL,	NULL),
(300,	71,	'192.168.3.23',	0,	0,	0,	NULL,	NULL,	NULL),
(301,	75,	'192.168.3.43',	0,	0,	0,	NULL,	NULL,	NULL),
(302,	83,	'192.168.3.11',	0,	0,	0,	NULL,	NULL,	NULL),
(303,	73,	'192.168.3.133',	0,	0,	0,	NULL,	NULL,	NULL),
(304,	69,	'192.168.3.9',	0,	0,	0,	NULL,	NULL,	NULL),
(305,	74,	'192.168.2.136',	0,	0,	0,	NULL,	NULL,	NULL),
(306,	63,	'192.168.3.1',	0,	0,	0,	NULL,	NULL,	NULL),
(307,	66,	'192.168.2.200',	0,	0,	0,	NULL,	NULL,	NULL),
(308,	79,	'192.168.3.45',	0,	0,	0,	NULL,	NULL,	NULL),
(309,	71,	'192.168.2.213',	0,	0,	0,	NULL,	NULL,	NULL),
(310,	50,	'192.168.2.175',	0,	0,	0,	NULL,	NULL,	NULL),
(311,	78,	'192.168.2.102',	0,	0,	0,	NULL,	NULL,	NULL),
(312,	74,	'192.168.2.151',	0,	0,	0,	'2016-08-04 01:28:06',	NULL,	NULL),
(313,	53,	'192.168.2.211',	0,	0,	0,	NULL,	NULL,	NULL),
(314,	58,	'192.168.2.198',	0,	0,	0,	NULL,	NULL,	NULL),
(315,	58,	'192.168.2.197',	0,	0,	0,	NULL,	NULL,	NULL),
(316,	66,	'192.168.2.237',	0,	0,	0,	NULL,	NULL,	NULL),
(317,	69,	'192.168.3.74',	0,	0,	0,	NULL,	NULL,	NULL),
(318,	67,	'192.168.2.244',	0,	0,	0,	NULL,	NULL,	NULL),
(319,	52,	'192.168.3.83',	0,	0,	0,	NULL,	NULL,	NULL),
(320,	50,	'192.168.2.168',	0,	0,	0,	NULL,	NULL,	NULL),
(321,	76,	'192.168.2.146',	0,	0,	0,	NULL,	NULL,	NULL),
(322,	55,	'192.168.2.181',	0,	0,	0,	NULL,	NULL,	NULL),
(323,	78,	'192.168.3.79',	0,	0,	0,	NULL,	NULL,	NULL),
(324,	63,	'192.168.3.80',	0,	0,	0,	NULL,	NULL,	NULL),
(325,	75,	'192.168.2.120',	0,	0,	0,	NULL,	NULL,	NULL),
(326,	87,	'192.168.2.131',	0,	0,	0,	NULL,	NULL,	NULL),
(327,	55,	'192.168.2.177',	0,	0,	0,	NULL,	NULL,	NULL),
(328,	67,	'192.168.2.143',	0,	0,	0,	NULL,	NULL,	NULL),
(329,	74,	'192.168.2.152',	0,	0,	0,	NULL,	NULL,	NULL),
(330,	53,	'192.168.2.150',	0,	0,	0,	NULL,	NULL,	NULL),
(331,	74,	'192.168.2.216',	0,	0,	0,	NULL,	NULL,	NULL),
(332,	83,	'192.168.3.185',	0,	0,	0,	NULL,	NULL,	NULL),
(333,	58,	'192.168.2.234',	0,	0,	0,	NULL,	NULL,	NULL),
(334,	53,	'192.168.2.251',	0,	0,	0,	NULL,	NULL,	NULL),
(335,	66,	'192.168.2.245',	0,	0,	0,	NULL,	NULL,	NULL),
(336,	86,	'192.168.2.176',	0,	0,	0,	NULL,	NULL,	NULL),
(337,	68,	'192.168.2.105',	0,	0,	0,	NULL,	NULL,	NULL),
(338,	63,	'192.168.2.204',	0,	0,	0,	NULL,	NULL,	NULL),
(339,	83,	'192.168.3.9',	0,	0,	0,	NULL,	NULL,	NULL),
(340,	67,	'192.168.3.12',	0,	0,	0,	NULL,	NULL,	NULL),
(341,	50,	'192.168.2.166',	0,	0,	0,	NULL,	NULL,	NULL),
(342,	75,	'192.168.2.183',	0,	0,	0,	NULL,	NULL,	NULL),
(343,	74,	'192.168.2.221',	0,	0,	0,	NULL,	NULL,	NULL),
(344,	78,	'192.168.3.165',	0,	0,	0,	NULL,	NULL,	NULL),
(345,	71,	'192.168.3.33',	0,	0,	0,	NULL,	NULL,	NULL),
(346,	67,	'192.168.2.223',	0,	0,	0,	NULL,	NULL,	NULL),
(347,	63,	'192.168.2.177',	0,	0,	0,	NULL,	NULL,	NULL),
(348,	75,	'192.168.2.224',	0,	0,	0,	NULL,	NULL,	NULL),
(349,	75,	'192.168.2.141',	0,	0,	0,	NULL,	NULL,	NULL),
(350,	83,	'192.168.2.169',	0,	0,	0,	NULL,	NULL,	NULL),
(351,	79,	'192.168.3.56',	0,	0,	0,	NULL,	NULL,	NULL),
(352,	69,	'192.168.3.0',	0,	0,	0,	NULL,	NULL,	NULL),
(353,	75,	'192.168.3.78',	0,	0,	0,	NULL,	NULL,	NULL),
(354,	55,	'192.168.3.12',	0,	0,	0,	NULL,	NULL,	NULL),
(355,	85,	'192.168.2.243',	0,	0,	0,	NULL,	NULL,	NULL),
(356,	78,	'192.168.2.207',	0,	0,	0,	NULL,	NULL,	NULL),
(357,	63,	'192.168.3.42',	0,	0,	0,	NULL,	NULL,	NULL),
(358,	71,	'192.168.2.105',	0,	0,	0,	NULL,	NULL,	NULL),
(359,	76,	'192.168.2.223',	0,	0,	0,	NULL,	NULL,	NULL),
(360,	63,	'192.168.3.5',	0,	0,	0,	NULL,	NULL,	NULL),
(361,	50,	'192.168.2.220',	0,	0,	0,	NULL,	NULL,	NULL),
(363,	87,	'192.168.2.100',	0,	0,	0,	NULL,	NULL,	NULL),
(364,	75,	'192.168.3.170',	0,	0,	0,	NULL,	NULL,	NULL),
(365,	80,	'192.168.3.45',	0,	0,	0,	NULL,	NULL,	NULL),
(366,	79,	'192.168.3.80',	0,	0,	0,	NULL,	NULL,	NULL),
(367,	66,	'192.168.3.32',	0,	0,	0,	NULL,	NULL,	NULL),
(368,	46,	'192.168.2.183',	0,	0,	0,	NULL,	NULL,	NULL),
(369,	76,	'192.168.2.100',	0,	0,	0,	NULL,	NULL,	NULL),
(370,	85,	'192.168.3.16',	0,	0,	0,	NULL,	NULL,	NULL),
(371,	79,	'192.168.3.97',	0,	0,	0,	NULL,	NULL,	NULL),
(372,	46,	'192.168.2.225',	0,	0,	0,	NULL,	NULL,	NULL),
(373,	66,	'192.168.2.167',	0,	0,	0,	NULL,	NULL,	NULL),
(374,	54,	'192.168.3.140',	0,	0,	0,	NULL,	NULL,	NULL),
(375,	76,	'192.168.2.244',	0,	0,	0,	NULL,	NULL,	NULL),
(376,	75,	'192.168.3.117',	0,	0,	0,	NULL,	NULL,	NULL),
(377,	63,	'192.168.2.141',	0,	0,	0,	NULL,	NULL,	NULL),
(378,	55,	'192.168.2.248',	0,	0,	0,	NULL,	NULL,	NULL),
(379,	83,	'192.168.2.165',	0,	0,	0,	NULL,	NULL,	NULL),
(380,	74,	'192.168.2.155',	0,	0,	0,	NULL,	NULL,	NULL),
(381,	88,	'192.168.2.141',	0,	0,	0,	NULL,	NULL,	NULL),
(382,	88,	'192.168.3.12',	0,	0,	0,	NULL,	NULL,	NULL),
(383,	49,	'192.168.2.90',	0,	0,	0,	NULL,	NULL,	NULL),
(384,	63,	'192.168.2.151',	0,	0,	0,	NULL,	NULL,	NULL),
(385,	74,	'192.168.2.179',	0,	0,	0,	NULL,	NULL,	NULL),
(386,	60,	'192.168.2.249',	0,	0,	0,	NULL,	NULL,	NULL),
(387,	59,	'192.168.2.245',	0,	0,	0,	NULL,	NULL,	NULL),
(388,	69,	'192.168.3.76',	0,	0,	0,	NULL,	NULL,	NULL),
(389,	86,	'192.168.3.33',	0,	0,	0,	NULL,	NULL,	NULL),
(390,	67,	'192.168.3.54',	0,	0,	0,	NULL,	NULL,	NULL),
(391,	71,	'192.168.3.36',	0,	0,	0,	NULL,	NULL,	NULL),
(392,	59,	'192.168.2.212',	0,	0,	0,	NULL,	NULL,	NULL),
(393,	76,	'192.168.2.188',	0,	0,	0,	NULL,	NULL,	NULL),
(394,	78,	'192.168.3.43',	0,	0,	0,	NULL,	NULL,	NULL),
(395,	69,	'192.168.2.162',	0,	0,	0,	NULL,	NULL,	NULL),
(396,	75,	'192.168.2.151',	0,	0,	0,	NULL,	NULL,	NULL),
(397,	67,	'192.168.2.92',	0,	0,	0,	NULL,	NULL,	NULL),
(398,	70,	'192.168.2.174',	0,	0,	0,	NULL,	NULL,	NULL),
(399,	46,	'192.168.2.249',	0,	0,	0,	NULL,	NULL,	NULL),
(400,	88,	'192.168.3.141',	0,	0,	0,	NULL,	NULL,	NULL),
(401,	69,	'192.168.3.115',	0,	0,	0,	NULL,	NULL,	NULL),
(402,	76,	'192.168.2.169',	0,	0,	0,	NULL,	NULL,	NULL),
(403,	85,	'192.168.2.247',	0,	0,	0,	NULL,	NULL,	NULL),
(404,	79,	'192.168.3.131',	0,	0,	0,	NULL,	NULL,	NULL),
(405,	55,	'192.168.3.111',	0,	0,	0,	NULL,	NULL,	NULL),
(406,	75,	'192.168.2.142',	0,	0,	0,	NULL,	NULL,	NULL),
(407,	63,	'192.168.3.126',	0,	0,	0,	NULL,	NULL,	NULL),
(408,	78,	'192.168.3.59',	0,	0,	0,	NULL,	NULL,	NULL),
(409,	83,	'192.168.2.233',	0,	0,	0,	NULL,	NULL,	NULL),
(410,	88,	'192.168.2.219',	0,	0,	0,	NULL,	NULL,	NULL),
(411,	63,	'192.168.2.253',	0,	0,	0,	NULL,	NULL,	NULL),
(412,	87,	'192.168.2.177',	0,	0,	0,	NULL,	NULL,	NULL),
(413,	74,	'192.168.2.201',	0,	0,	0,	NULL,	NULL,	NULL),
(414,	53,	'192.168.3.21',	0,	0,	0,	NULL,	NULL,	NULL),
(415,	83,	'192.168.3.96',	0,	0,	0,	NULL,	NULL,	NULL),
(416,	79,	'192.168.3.99',	0,	0,	0,	NULL,	NULL,	NULL),
(417,	70,	'192.168.3.93',	0,	0,	0,	NULL,	NULL,	NULL),
(418,	58,	'192.168.3.30',	0,	0,	0,	NULL,	NULL,	NULL),
(419,	69,	'192.168.3.95',	0,	0,	0,	NULL,	NULL,	NULL),
(420,	66,	'192.168.3.211',	0,	0,	0,	NULL,	NULL,	NULL),
(421,	79,	'192.168.3.5',	0,	0,	0,	NULL,	NULL,	NULL),
(422,	79,	'192.168.3.126',	0,	0,	0,	NULL,	NULL,	NULL),
(423,	86,	'192.168.3.96',	0,	0,	0,	NULL,	NULL,	NULL),
(424,	80,	'192.168.3.51',	0,	0,	0,	NULL,	NULL,	NULL),
(425,	78,	'192.168.2.157',	0,	0,	0,	NULL,	NULL,	NULL),
(426,	75,	'192.168.2.233',	0,	0,	0,	NULL,	NULL,	NULL),
(427,	71,	'192.168.3.117',	0,	0,	0,	NULL,	NULL,	NULL),
(429,	59,	'192.168.2.194',	0,	0,	0,	NULL,	NULL,	NULL),
(430,	50,	'192.168.2.228',	0,	0,	0,	NULL,	NULL,	NULL),
(431,	76,	'192.168.2.186',	0,	0,	0,	NULL,	NULL,	NULL),
(432,	79,	'192.168.3.143',	0,	0,	0,	NULL,	NULL,	NULL),
(433,	63,	'192.168.3.61',	0,	0,	0,	NULL,	NULL,	NULL),
(434,	69,	'192.168.3.128',	0,	0,	0,	NULL,	NULL,	NULL),
(435,	53,	'192.168.2.113',	0,	0,	0,	NULL,	NULL,	NULL),
(436,	78,	'192.168.2.206',	0,	0,	0,	NULL,	NULL,	NULL),
(437,	59,	'192.168.2.170',	0,	0,	0,	NULL,	NULL,	NULL),
(438,	63,	'192.168.2.189',	0,	0,	0,	NULL,	NULL,	NULL),
(439,	85,	'192.168.2.145',	0,	0,	0,	NULL,	NULL,	NULL),
(440,	75,	'192.168.2.89',	0,	0,	0,	NULL,	NULL,	NULL),
(441,	53,	'192.168.2.196',	0,	0,	0,	NULL,	NULL,	NULL),
(442,	76,	'192.168.3.38',	0,	0,	0,	NULL,	NULL,	NULL),
(443,	50,	'192.168.3.45',	0,	0,	0,	NULL,	NULL,	NULL),
(444,	74,	'192.168.2.147',	0,	0,	0,	NULL,	NULL,	NULL),
(445,	78,	'192.168.2.204',	0,	0,	0,	NULL,	NULL,	NULL),
(446,	86,	'192.168.2.233',	0,	0,	0,	NULL,	NULL,	NULL),
(447,	68,	'192.168.2.230',	0,	0,	0,	NULL,	NULL,	NULL),
(448,	70,	'192.168.2.247',	0,	0,	0,	NULL,	NULL,	NULL),
(449,	69,	'192.168.2.189',	0,	0,	0,	NULL,	NULL,	NULL),
(450,	88,	'192.168.2.202',	0,	0,	0,	NULL,	NULL,	NULL),
(451,	71,	'192.168.2.167',	0,	0,	0,	NULL,	NULL,	NULL),
(452,	80,	'192.168.3.50',	0,	0,	0,	NULL,	NULL,	NULL),
(453,	66,	'192.168.2.220',	0,	0,	0,	NULL,	NULL,	NULL),
(454,	63,	'192.168.2.194',	0,	0,	0,	NULL,	NULL,	NULL),
(455,	50,	'192.168.2.125',	0,	0,	0,	NULL,	NULL,	NULL),
(456,	70,	'192.168.2.81',	0,	0,	0,	NULL,	NULL,	NULL),
(457,	79,	'192.168.3.58',	0,	0,	0,	NULL,	NULL,	NULL),
(458,	83,	'192.168.2.214',	0,	0,	0,	NULL,	NULL,	NULL),
(459,	53,	'192.168.3.118',	0,	0,	0,	NULL,	NULL,	NULL),
(460,	78,	'192.168.2.155',	0,	0,	0,	NULL,	NULL,	NULL),
(461,	53,	'192.168.2.235',	0,	0,	0,	NULL,	NULL,	NULL),
(462,	85,	'192.168.2.105',	0,	0,	0,	NULL,	NULL,	NULL),
(463,	55,	'192.168.2.197',	0,	0,	0,	NULL,	NULL,	NULL),
(464,	79,	'192.168.3.176',	0,	0,	0,	NULL,	NULL,	NULL),
(465,	63,	'192.168.2.110',	0,	0,	0,	NULL,	NULL,	NULL),
(466,	76,	'192.168.2.229',	0,	0,	0,	NULL,	NULL,	NULL),
(467,	49,	'192.168.3.10',	0,	0,	0,	NULL,	NULL,	NULL),
(468,	79,	'192.168.3.9',	0,	0,	0,	NULL,	NULL,	NULL),
(469,	59,	'192.168.2.103',	0,	0,	0,	NULL,	NULL,	NULL),
(470,	48,	'192.168.3.86',	0,	0,	0,	NULL,	NULL,	NULL),
(471,	66,	'192.168.3.76',	0,	0,	0,	NULL,	NULL,	NULL),
(472,	46,	'192.168.2.147',	0,	0,	0,	NULL,	NULL,	NULL),
(473,	88,	'192.168.2.107',	0,	0,	0,	NULL,	NULL,	NULL),
(474,	71,	'192.168.3.82',	0,	0,	0,	NULL,	NULL,	NULL),
(475,	87,	'192.168.2.106',	0,	0,	0,	NULL,	NULL,	NULL),
(476,	80,	'192.168.2.123',	0,	0,	0,	NULL,	NULL,	NULL),
(477,	53,	'192.168.2.197',	0,	0,	0,	NULL,	NULL,	NULL),
(478,	67,	'192.168.3.1',	0,	0,	0,	NULL,	NULL,	NULL),
(479,	79,	'192.168.2.24',	0,	0,	0,	NULL,	NULL,	NULL),
(480,	59,	'192.168.2.157',	0,	0,	0,	NULL,	NULL,	NULL),
(481,	63,	'192.168.2.145',	0,	0,	0,	NULL,	NULL,	NULL),
(482,	58,	'192.168.2.115',	0,	0,	0,	NULL,	NULL,	NULL),
(483,	63,	'192.168.2.219',	0,	0,	0,	NULL,	NULL,	NULL),
(484,	69,	'192.168.3.85',	0,	0,	0,	NULL,	NULL,	NULL),
(485,	70,	'192.168.2.106',	0,	0,	0,	NULL,	NULL,	NULL),
(486,	68,	'192.168.2.204',	0,	0,	0,	NULL,	NULL,	NULL),
(487,	75,	'192.168.2.90',	0,	0,	0,	NULL,	NULL,	NULL),
(488,	66,	'192.168.2.185',	0,	0,	0,	NULL,	NULL,	NULL),
(489,	48,	'192.168.2.191',	0,	0,	0,	NULL,	NULL,	NULL),
(490,	59,	'192.168.2.205',	0,	0,	0,	NULL,	NULL,	NULL),
(491,	87,	'192.168.2.132',	0,	0,	0,	NULL,	NULL,	NULL),
(492,	68,	'192.168.3.84',	0,	0,	0,	NULL,	NULL,	NULL),
(493,	70,	'192.168.2.152',	0,	0,	0,	NULL,	NULL,	NULL),
(494,	79,	'192.168.2.25',	0,	0,	0,	NULL,	NULL,	NULL),
(495,	74,	'192.168.2.145',	0,	0,	0,	NULL,	NULL,	NULL),
(496,	71,	'192.168.2.232',	0,	0,	0,	NULL,	NULL,	NULL),
(497,	86,	'192.168.2.195',	0,	0,	0,	NULL,	NULL,	NULL),
(498,	46,	'192.168.2.143',	0,	0,	0,	NULL,	NULL,	NULL),
(499,	58,	'192.168.2.169',	0,	0,	0,	NULL,	NULL,	NULL),
(500,	78,	'192.168.2.223',	0,	0,	0,	NULL,	NULL,	NULL),
(501,	85,	'192.168.2.149',	0,	0,	0,	NULL,	NULL,	NULL),
(502,	53,	'192.168.2.208',	0,	0,	0,	NULL,	NULL,	NULL),
(503,	67,	'192.168.3.19',	0,	0,	0,	NULL,	NULL,	NULL),
(504,	76,	'192.168.2.111',	0,	0,	0,	NULL,	NULL,	NULL),
(505,	83,	'192.168.3.88',	0,	0,	0,	NULL,	NULL,	NULL);

DROP TABLE IF EXISTS `users`;
CREATE TABLE `users` (
  `id` int(10) unsigned NOT NULL AUTO_INCREMENT,
  `agent_ID` varchar(15) COLLATE utf8_unicode_ci NOT NULL,
  `agent_Name` varchar(255) COLLATE utf8_unicode_ci DEFAULT NULL,
  `project_ID` varchar(11) COLLATE utf8_unicode_ci NOT NULL,
  `email` varchar(255) COLLATE utf8_unicode_ci NOT NULL,
  `password` varchar(255) COLLATE utf8_unicode_ci NOT NULL,
  `permissions` text COLLATE utf8_unicode_ci,
  `activated` tinyint(1) NOT NULL DEFAULT '0',
  `activation_code` varchar(255) COLLATE utf8_unicode_ci DEFAULT NULL,
  `activated_at` timestamp NULL DEFAULT NULL,
  `last_login` timestamp NULL DEFAULT NULL,
  `persist_code` varchar(255) COLLATE utf8_unicode_ci DEFAULT NULL,
  `reset_password_code` varchar(255) COLLATE utf8_unicode_ci DEFAULT NULL,
  `created_at` timestamp NOT NULL DEFAULT '0000-00-00 00:00:00',
  `updated_at` timestamp NOT NULL DEFAULT '0000-00-00 00:00:00',
  PRIMARY KEY (`id`),
  UNIQUE KEY `users_email_unique` (`email`),
  UNIQUE KEY `agent_ID` (`agent_ID`),
  KEY `users_activation_code_index` (`activation_code`),
  KEY `users_reset_password_code_index` (`reset_password_code`),
  KEY `project_ID` (`project_ID`)
) ENGINE=InnoDB DEFAULT CHARSET=utf8 COLLATE=utf8_unicode_ci;

INSERT INTO `users` (`id`, `agent_ID`, `agent_Name`, `project_ID`, `email`, `password`, `permissions`, `activated`, `activation_code`, `activated_at`, `last_login`, `persist_code`, `reset_password_code`, `created_at`, `updated_at`) VALUES
(46,	'SSDC-123',	'ROY KIRIMI NJAGI',	'GAR2',	'SSDC-123',	'$2y$10$TCcdyPaCISFATi.rYhZWYOJfkohB.94b2FtpaBxd0VYQcSZ7KW2em',	NULL,	1,	NULL,	NULL,	'2016-12-13 05:40:20',	'$2y$10$wSmVAkJFI8Cnz54Nx5G42elEoyn7.F1fMmhgL0.LE9O782JZgE2Aq',	NULL,	'2016-03-04 09:50:41',	'2016-12-13 05:40:20'),
(48,	'SSDC-153',	'IRENE KAMENE MUMBU',	'GAR2',	'SSDC-153',	'$2y$10$gTE3wBFkqPIpbn/L02yl7.MiA3j1yisoepJxthZysIfQqzeBiWXDy',	NULL,	1,	NULL,	NULL,	'2016-12-07 04:43:57',	'$2y$10$Oc6W/1QyWIJ15t2N22FT3uSw2GYCueAy9Mf9MA3t3gfdF8MZCb/E2',	NULL,	'2016-03-04 09:56:43',	'2016-12-07 04:43:57'),
(49,	'SSDC-125',	'VICTOR KIPCHIRCHIR MUTAI',	'GAR2',	'SSDC-125',	'$2y$10$t8e2B62A/Vjk/cabut4AH.l0oLcOsfMhwMeCoTA.9.JTnCVs84OmG',	NULL,	1,	NULL,	NULL,	'2016-12-02 09:04:10',	'$2y$10$OdMhZ0wxHLtkzlVODc2Yd.heJ5dE49XmfLNKtdPRGmd8kBsF0Qe7i',	NULL,	'2016-03-04 09:58:53',	'2016-12-02 09:04:10'),
(50,	'SSDC-122',	'NORTON AKENGA NENGO',	'GAR2',	'SSDC-122',	'$2y$10$Foki0PUiI0LAHj.90nbLy.iUaeu0ebY8hvRIdSNKbRTj0FsjnVbi6',	NULL,	1,	NULL,	NULL,	'2016-11-28 08:16:33',	'$2y$10$Ezyy3LPUpi1FolodJdEsoudvXebLmdG7Quaewl7GEJSWoWz5/tJhy',	NULL,	'2016-03-04 09:59:37',	'2016-11-28 08:16:33'),
(51,	'SSDC-048',	'JUSTIN NTHIGA NDWIGA',	'GAR2',	'SSDC-048',	'$2y$10$dP81q2U5st3.bU/UBBKx/eYl4YpRE2WGdAwqxX5nMd0kNb93Cyak6',	NULL,	1,	NULL,	NULL,	'2016-06-30 05:01:44',	'$2y$10$DTEZTG5ALAx9YVxC5/C4W.VJMHeCR9ZGlCacf3ZC4rS0lklLagZ.O',	NULL,	'2016-03-04 09:59:38',	'2016-06-30 05:01:44'),
(52,	'SSDC-045',	'JAMES JERRIE DINDI',	'GAR2',	'SSDC-045',	'$2y$10$LEXQECYvo.xsavtchmXQPefQCcWiv95WMvuX231ElOf2ZU.jhM2Fy',	NULL,	1,	NULL,	NULL,	'2016-11-15 01:54:04',	'$2y$10$1fuGXCaxxjHMACXZXUKrd.ch0DPAjTi2H2uxV5XALSmZ42s.ae8/m',	NULL,	'2016-03-04 10:01:21',	'2016-11-15 01:54:04'),
(53,	'SSDC-127',	'MERCY NASIMIYU',	'GAR2',	'SSDC-127',	'$2y$10$yboMBxi5pe8NSw5QkgIm9ec/keJlaXrCklVVZaLG7WeoEYzvoRZ9C',	NULL,	1,	NULL,	NULL,	'2016-12-13 05:46:13',	'$2y$10$jfbggU1b8yB0V3qwX4brLOJAchhn7fZqt6Vg0.r6E.NJaMZ6x.WSW',	NULL,	'2016-03-04 10:02:54',	'2016-12-13 05:46:13'),
(54,	'SSDC-131',	'TRACY KAONJE OMAMO',	'GAR2',	'SSDC-131',	'$2y$10$ydCOc7SG/Rw2BAuNPekHKu1PeMVsgKOQ3rVgoasixH/iw8YM4q/bO',	NULL,	1,	NULL,	NULL,	'2016-09-27 04:23:41',	'$2y$10$IQVgm0aq/j21TP0We1uEHeVYywmy5hK9rfkn9NcLEq3plevlnKP3.',	NULL,	'2016-03-04 10:03:15',	'2016-09-27 04:23:41'),
(55,	'SSDC-124',	'RAJAB ALI IHA',	'GAR2',	'SSDC-124',	'$2y$10$cWCMhLs6FAVHTzghovpf2Oq1SmC7LvFW4cNex4OTC/sxGYyEGfl1K',	NULL,	1,	NULL,	NULL,	'2016-11-28 08:31:21',	'$2y$10$qH.B6F0ljAbY4H.vXzQuLumc/lz/wFaMMtBUeOm5XmDgaWC4jfiGK',	NULL,	'2016-03-04 10:03:55',	'2016-11-28 08:31:21'),
(57,	'SSDC-128',	'MARGARET WANJIRU NJIHIA',	'GAR2',	'SSDC-128',	'$2y$10$Wwtdh4K99mYOSL/rqcCqUOt9JkrE3j0LRymANPeh5FGkW4kn9En/C',	NULL,	1,	NULL,	NULL,	'2016-04-26 03:07:41',	'$2y$10$R8giyK/Mcnu1L5u/nbWCie9Rt24o5cvHIVRjwHK5EGRL5irqNftSu',	NULL,	'2016-03-04 10:04:00',	'2016-04-26 03:07:41'),
(58,	'SSDC-129',	'ANDREW KIPTOO CHERUIYOT',	'GAR2',	'SSDC-129',	'$2y$10$SFIOh9wpS6xfK4u/kUbjm.DVW/t5Mjeia8qprSLxJl7LCnEaSoiWG',	NULL,	1,	NULL,	NULL,	'2016-12-13 05:40:22',	'$2y$10$FijcpxJE/GX4.sqhwMEwPOMQja8/8F6jKgyiUhZ9Lv3id8mR2EHi.',	NULL,	'2016-03-04 10:04:08',	'2016-12-13 05:40:22'),
(59,	'SSDC-105',	'CHARLES MUNUHE MUHORO',	'GAR2',	'SSDC-105',	'$2y$10$.KHgJZdSK5w/FlwtEwQPtuwPse.QxS0k8GMfQwUCOKaWuboxidklm',	NULL,	1,	NULL,	NULL,	'2016-12-13 05:55:51',	'$2y$10$vB5vJF/DbYgTvK65umIEe.sJ4Cxbz8tvdT0C9iWpcHwTGvCrFKJeq',	NULL,	'2016-03-04 10:08:49',	'2016-12-13 05:55:51'),
(60,	'SSDC-044',	'AMON RITHO GICHUKI',	'GAR2',	'SSDC-044',	'$2y$10$QzKX9GjpmpdNjWkxxbuYDukfYB0.SNhZvllh2AUSa0oiW8EdfySLW',	NULL,	1,	NULL,	NULL,	'2016-10-03 02:19:56',	'$2y$10$yVzXsdLdkmW2q0UsPWlEveKH/.Fy1oCSc0RYbxtpy3hWbKpjeshke',	NULL,	'2016-03-04 10:09:02',	'2016-10-03 02:19:56'),
(62,	'SSDC-073',	'JOSHUA JINGO',	'GAR2',	'SSDC-073',	'$2y$10$dYJ5Wyb5iujixE9asAuxou0ZiKbxh.lRNUYhK6Y0hdvx4HvB3bxMS',	NULL,	1,	NULL,	NULL,	'2016-04-07 11:00:50',	'$2y$10$dQ3zNaWV3K8Grz4kVOiyJurrNtXgnlQWwI0ug3A0dTEExQn2/y2SW',	NULL,	'2016-03-07 04:57:20',	'2016-04-07 11:00:50'),
(63,	'SSDC-151',	'ERIC MWENDA MIRITI',	'GAR2',	'SSDC-151',	'$2y$10$lbIhJLi18XXGXzVLRobvGO3vkkqcXx/EgzHyuymuC0o5d6v3J.JeW',	NULL,	1,	NULL,	NULL,	'2016-12-06 02:22:57',	'$2y$10$VB05YqMMEcs/QImKyP.dYOB161pHOB1s2n/j0Rv2ot3qJiOdKg22y',	NULL,	'2016-03-07 05:20:05',	'2016-12-06 02:22:57'),
(65,	'SSDC-115',	'JAEL  ANYANGO ALUOCH',	'GAR1',	'SSDC-115',	'$2y$10$vl4ZvXcguR.ie58xsrswfOS6PYTz9Fq8jXJjgabBCWQfseMWrcmgq',	NULL,	1,	NULL,	NULL,	'2016-03-07 05:25:18',	'$2y$10$D6UCrS7HNkD26jb5Z84GTu83L7nB9sUfk.Y2hANqcHeIDMStDUagW',	NULL,	'2016-03-07 05:25:03',	'2016-03-07 05:25:18'),
(66,	'SSDC-235',	'GALGALLO WAKO',	'GAR2',	'SSDC-235',	'$2y$10$2YFvXdP3IedOzhg4NBAGC.eTzVWBDdfwWpg3OIGUnFtkIljXNT6Xa',	NULL,	1,	NULL,	NULL,	'2016-12-07 04:09:40',	'$2y$10$YTgEDjOeCP4SpG14lto3ZOIBTBNLAmuZOHkbFoiIUQt3JBtKZS352',	NULL,	'2016-04-01 03:33:04',	'2016-12-07 04:09:40'),
(67,	'SSDC-234',	'KIPRONO OLIVER KIPKEMBOI',	'GAR2',	'SSDC-234',	'$2y$10$xTnKNCn//HV2Y7symvZbX./cz5v1dZqNvJHp6FbsMw.aEZdnROz7S',	NULL,	1,	NULL,	NULL,	'2016-12-13 08:52:37',	'$2y$10$KKW0jVwnsIxEje9Gw07WW..x0DutNIV1OsUOpOz5M8W/VUFR24e/G',	NULL,	'2016-04-01 04:34:50',	'2016-12-13 08:52:37'),
(68,	'SSDC-130',	'DAWE',	'GAR2',	'SSDC-130',	'$2y$10$mEaHs2aCuMVDfDyuubum7uxuMBQI40Ti3J34LqF7G5yfQSo/Djk3W',	NULL,	1,	NULL,	NULL,	'2016-12-13 05:40:58',	'$2y$10$yAc7dQkrvmZCCtj7JQvzw.XJfI3.SPk.TiFFI3pGW.MaqEAgLjE26',	NULL,	'2016-04-04 08:56:38',	'2016-12-13 05:40:58'),
(69,	'SSDC-232',	'EUNICE KAMAR',	'GAR2',	'SSDC-232',	'$2y$10$bTZT2ZCCRgM8ni0BB5n91uXutQIj/TWSPW6O80PZt2V7H6ETfXuWu',	NULL,	1,	NULL,	NULL,	'2016-12-06 02:25:42',	'$2y$10$oge7BCEYarNDSF/vCsk9O..Cs/8dQEhIGyFmOwGFXkXBrIiMhJSiG',	NULL,	'2016-04-04 09:00:43',	'2016-12-06 02:25:42'),
(70,	'SSDC-152',	'VICTOR SANG',	'GAR2',	'SSDC-152',	'$2y$10$eRapGba35Hi/QXb3.u9q3uHuWidHyl9oaWpp7/hS9NRwrPvTF7MkO',	NULL,	1,	NULL,	NULL,	'2016-12-13 08:50:19',	'$2y$10$TSZKClPMeO30TNIw.71IJOw9chKR0ivRkZwRMIxXVPIz.ob9COuui',	NULL,	'2016-04-04 09:05:19',	'2016-12-13 08:50:19'),
(71,	'SSDC-233',	'SARAH WANGA',	'GAR2',	'SSDC-233',	'$2y$10$0PBkSJ5YlYxm010u0jNgJOuUJk7IgeXXMVPkvrYRcVulxiIi4kE66',	NULL,	1,	NULL,	NULL,	'2016-12-13 05:39:01',	'$2y$10$3sePFdsa5KNSzJRzGiKFfu6KNeoBgUT/sn1MKkBZAJu7isSYG.EwW',	NULL,	'2016-04-04 09:15:16',	'2016-12-13 05:39:01'),
(72,	'SSDC-049',	'ERIC KIPLAGAT',	'GAR2',	'SSDC-049',	'$2y$10$0ihplLrEyQemD/UTcyrR1OisZ80BxL6Ui5DZ5VZutiCLgekcp4cum',	NULL,	1,	NULL,	NULL,	'2016-06-14 08:05:58',	'$2y$10$T44LQ2sehJDBTdzrLawYHeHc7uwQ7r67oueQK2FnKg4SsVE6tjoWu',	NULL,	'2016-04-04 09:59:22',	'2016-06-14 08:05:58'),
(73,	'SSDC-118',	'JULIUS',	'GAR2',	'SSDC-118',	'$2y$10$W1PimcffiJHDCZWNTBtnVeNFl0Rh2lZcRpPL3IB7of7vyLUhizKQ2',	NULL,	1,	NULL,	NULL,	'2016-08-12 03:17:17',	'$2y$10$t6xA0wVLUAOd3bQYUEz91eEsrVkjpuC1.h5364bohbYp3uGi5swGO',	NULL,	'2016-04-05 03:40:41',	'2016-08-12 03:17:17'),
(74,	'SSDC-085',	'REBECCAH NDUNGI',	'GAR2',	'SSDC-085',	'$2y$10$aftVI3FrYRCze0jlicUyluy3BjisfpWzuo8YPt9dyv5OxTBkBWxYC',	NULL,	1,	NULL,	NULL,	'2016-12-13 05:38:47',	'$2y$10$QLWEqDIFj8ihQmQNEwOmtO5A/Bo0HYc67.eP9JmeiKcS1cqCc.boW',	NULL,	'2016-04-11 05:31:39',	'2016-12-13 05:38:47'),
(75,	'SSDC-303',	'MUTHONI JOHN KANGETHE',	'GAR2',	'SSDC-303',	'$2y$10$xY9NNjOgZEVKR/fQ/EvrdeF8/aZxfX2vmPwSc5cnxTgMu5phAnDUq',	NULL,	1,	NULL,	NULL,	'2016-12-06 06:09:59',	'$2y$10$.ovFIXZpel4Fc564if3nZOXABUmLGwEUcQJF6GLzMdIY54ZCL3Lua',	NULL,	'2016-04-11 05:32:38',	'2016-12-06 06:09:59'),
(76,	'SSDC-307',	'DANIEL KIPSOI',	'GAR2',	'SSDC-307',	'$2y$10$iB0.iApnD.gqcCPPqsPfpeR07BnAXUi441lg2e5W.JpIa2gHXTSiK',	NULL,	1,	NULL,	NULL,	'2016-12-13 05:47:33',	'$2y$10$VUegwVzDdtvlYYCZGRT4GecyC/JAEyCGfWRrJOXrT.kxbF2SCJBda',	NULL,	'2016-04-11 05:33:42',	'2016-12-13 05:47:33'),
(78,	'SSDC-173',	'RYAN OMONDI',	'GAR2',	'SSDC-173',	'$2y$10$utw8vCYgTRvq6tpnI4IhnuUMQTtDQn.tOxJO1jSZL1HdKzynmhG1u',	NULL,	1,	NULL,	NULL,	'2016-12-13 09:00:39',	'$2y$10$NOlvH0kMPhZszms5D2A99uEti6boUa8HEaX5RUi72Hut2p1l1bMWq',	NULL,	'2016-04-11 05:57:52',	'2016-12-13 09:00:39'),
(79,	'SSDC-047',	'JILLO ABDULLAHI',	'GAR2',	'SSDC-047',	'$2y$10$hg6Y1iAFO94Bu2nQMI8YIeZiuNQdQEkJhs5Fe1cABXQhnYOkaWyLS',	NULL,	1,	NULL,	NULL,	'2016-12-13 05:36:19',	'$2y$10$QpCkjfTtectY9.k2Xq8TV.RiVG3rYu65p.1DqPgn98hDOoeoErKgi',	NULL,	'2016-04-11 08:47:39',	'2016-12-13 05:36:19'),
(80,	'SSDC-305',	'THOMAS ODUOL',	'GAR2',	'SSDC-305',	'$2y$10$SVQkwnXDRUE1miOhE.7JGu1iyisrYVghsbURj3SOg5P0hVAC5TRri',	NULL,	1,	NULL,	NULL,	'2016-12-02 09:13:58',	'$2y$10$JESlXxAvoCPDcPNvHVW2KOve5n1VQX2TRpN/URpNYXIXzNKHg169S',	NULL,	'2016-04-11 10:50:07',	'2016-12-02 09:13:58'),
(83,	'SSDC-304',	'TERER LEONARD',	'GAR2',	'SSDC-304',	'$2y$10$OwDSaqL.Qiuk54UTDk0StuLww6FXKAEIooPfuqknaeXkilNfdn/PW',	NULL,	1,	NULL,	NULL,	'2016-12-13 05:48:51',	'$2y$10$S/ZHtOrCWmJ2BWFDnT884OZ7BgqxbYZ8iuWBPiPhnTPXxlzFURpRO',	NULL,	'2016-04-27 03:38:09',	'2016-12-13 05:48:51'),
(85,	'SSDC-306',	'ISAAC',	'GAR2',	'SSDC-306',	'$2y$10$7S2YAuHR68qFflc9t.Kq7Ogeposp7vjnIB.xIeTUYGpQuRr.cj0UO',	NULL,	1,	NULL,	NULL,	'2016-12-13 05:45:40',	'$2y$10$YI.VK0tuUQszLiH/ggy66.1/3QzP7yHDHimenHbmtI1W/fO4j0ZX6',	NULL,	'2016-05-06 02:38:15',	'2016-12-13 05:45:40'),
(86,	'SSDC-508',	'PETER WAFULA WAKHUNGU',	'GAR2',	'SSDC-508',	'$2y$10$0hqUEjkq17o04GD8Z1elgOhS.xQgP6uBPf9cb21z4qeiGGyefCXHC',	NULL,	1,	NULL,	NULL,	'2016-12-13 05:40:16',	'$2y$10$alFLPzqxxVZt.BsYOpuKVOxG8eMwqPG3UDbbyUcVP78JXZ0hY56Gi',	NULL,	'2016-07-04 03:01:28',	'2016-12-13 05:40:16'),
(87,	'SSDC-546',	'DOUGLAS MWARUMBA',	'GAR2',	'SSDC-546',	'$2y$10$R1FQ7Rgvne5m5RYRG1vVs.pfWI0/eArNO9ZFH1sPNV2yWeygIPRka',	NULL,	1,	NULL,	NULL,	'2016-12-13 01:26:19',	'$2y$10$mzAFy9Q63iZieDkoGDW7NO.hfwenXWRi8umYF1HH0FqtP5UkGJiXC',	NULL,	'2016-08-16 02:38:21',	'2016-12-13 01:26:19'),
(88,	'SSDC-080',	'MORRIS MALUNI',	'GAR2',	'SSDC-080',	'$2y$10$6SPQf6wKrOvCiY.rohdKXO.DXZaMeZqjhNlne6Pcmj7DvcoERshZK',	NULL,	1,	NULL,	NULL,	'2016-12-02 09:06:04',	'$2y$10$BIc1M5W31MVk5FM5R1G.lu5jp5.YRl8YvgcG6BgBQM1xBnmyzQ3n2',	NULL,	'2016-09-30 02:05:05',	'2016-12-02 09:06:04');

DROP TABLE IF EXISTS `users_groups`;
CREATE TABLE `users_groups` (
  `user_id` int(10) unsigned NOT NULL,
  `group_id` int(10) unsigned NOT NULL,
  PRIMARY KEY (`user_id`,`group_id`)
) ENGINE=InnoDB DEFAULT CHARSET=utf8 COLLATE=utf8_unicode_ci;


-- 2016-12-15 04:39:59